database,operation,timestamp,duration_ms,time_between_ms
DB4,connect,2025-02-18 20:54:21.837,1209,0
DB5,connect,2025-02-18 20:54:21.837,1209,0
DB3,connect,2025-02-18 20:54:21.837,1209,0
DB1,connect,2025-02-18 20:54:21.842,1215,0
DB6,connect,2025-02-18 20:54:21.842,1215,0
DB6,select,2025-02-18 20:54:21.903,30,1246
DB1,select,2025-02-18 20:54:21.903,30,1246
DB5,select,2025-02-18 20:54:21.903,30,1245
DB4,select,2025-02-18 20:54:21.903,30,1245
DB3,select,2025-02-18 20:54:21.903,30,1245
DB5,insert,2025-02-18 20:54:21.910,7,30
DB6,insert,2025-02-18 20:54:21.910,7,30
DB4,insert,2025-02-18 20:54:21.910,7,30
DB3,insert,2025-02-18 20:54:21.915,11,30
DB6,update,2025-02-18 20:54:21.916,5,8
DB1,insert,2025-02-18 20:54:21.916,13,30
DB4,update,2025-02-18 20:54:21.916,5,8
DB5,update,2025-02-18 20:54:21.916,5,8
DB1,update,2025-02-18 20:54:21.921,5,13
DB4,delete,2025-02-18 20:54:21.921,5,5
DB5,delete,2025-02-18 20:54:21.921,5,5
DB3,update,2025-02-18 20:54:21.921,6,12
DB6,delete,2025-02-18 20:54:21.921,5,5
DB4,commit,2025-02-18 20:54:21.927,6,5
DB3,delete,2025-02-18 20:54:21.927,6,6
DB1,delete,2025-02-18 20:54:21.927,6,5
DB5,commit,2025-02-18 20:54:21.927,6,5
DB6,commit,2025-02-18 20:54:21.927,6,5
DB1,commit,2025-02-18 20:54:21.932,5,6
DB3,commit,2025-02-18 20:54:21.932,5,6
DB5,connect,2025-02-18 20:54:22.107,75,0
DB5,select,2025-02-18 20:54:22.112,5,75
DB5,insert,2025-02-18 20:54:22.118,6,5
DB5,update,2025-02-18 20:54:22.123,5,6
DB5,delete,2025-02-18 20:54:22.128,5,5
DB5,commit,2025-02-18 20:54:22.134,6,5
DB6,connect,2025-02-18 20:54:22.203,71,0
DB6,select,2025-02-18 20:54:22.208,5,71
DB6,insert,2025-02-18 20:54:22.213,5,5
DB6,update,2025-02-18 20:54:22.218,5,5
DB6,delete,2025-02-18 20:54:22.224,5,6
DB6,commit,2025-02-18 20:54:22.229,5,5
DB5,connect,2025-02-18 20:54:22.312,73,0
DB5,select,2025-02-18 20:54:22.317,5,73
DB5,insert,2025-02-18 20:54:22.322,5,5
DB5,update,2025-02-18 20:54:22.328,6,5
DB5,delete,2025-02-18 20:54:22.333,5,6
DB5,commit,2025-02-18 20:54:22.338,5,5
DB6,connect,2025-02-18 20:54:22.512,77,0
DB6,select,2025-02-18 20:54:22.518,6,77
DB5,connect,2025-02-18 20:54:22.518,75,0
DB5,select,2025-02-18 20:54:22.523,5,75
DB6,insert,2025-02-18 20:54:22.526,8,6
DB5,insert,2025-02-18 20:54:22.529,6,5
DB6,update,2025-02-18 20:54:22.532,6,8
DB5,update,2025-02-18 20:54:22.535,6,6
DB6,delete,2025-02-18 20:54:22.537,5,6
DB5,delete,2025-02-18 20:54:22.540,5,6
DB6,commit,2025-02-18 20:54:22.543,5,6
DB5,commit,2025-02-18 20:54:22.546,6,5
DB5,connect,2025-02-18 20:54:22.725,71,0
DB5,select,2025-02-18 20:54:22.731,6,71
DB5,insert,2025-02-18 20:54:22.736,5,6
DB5,update,2025-02-18 20:54:22.741,5,5
DB5,delete,2025-02-18 20:54:22.747,5,6
DB5,commit,2025-02-18 20:54:22.752,5,5
DB6,connect,2025-02-18 20:54:22.829,79,0
DB6,select,2025-02-18 20:54:22.834,5,79
DB6,insert,2025-02-18 20:54:22.842,8,5
DB6,update,2025-02-18 20:54:22.847,5,8
DB6,delete,2025-02-18 20:54:22.852,5,5
DB6,commit,2025-02-18 20:54:22.857,5,5
DB5,connect,2025-02-18 20:54:22.931,73,0
DB5,select,2025-02-18 20:54:22.936,5,73
DB5,insert,2025-02-18 20:54:22.941,5,5
DB5,update,2025-02-18 20:54:22.947,6,5
DB5,delete,2025-02-18 20:54:22.953,6,6
DB5,commit,2025-02-18 20:54:22.958,5,6
DB4,connect,2025-02-18 20:54:23.004,72,0
DB1,connect,2025-02-18 20:54:23.009,69,0
DB4,select,2025-02-18 20:54:23.009,5,72
DB4,insert,2025-02-18 20:54:23.014,5,5
DB1,select,2025-02-18 20:54:23.014,5,69
DB1,insert,2025-02-18 20:54:23.020,6,5
DB4,update,2025-02-18 20:54:23.020,6,5
DB1,update,2025-02-18 20:54:23.025,5,6
DB4,delete,2025-02-18 20:54:23.025,5,6
DB1,delete,2025-02-18 20:54:23.030,5,5
DB4,commit,2025-02-18 20:54:23.030,5,5
DB1,commit,2025-02-18 20:54:23.035,5,5
DB5,connect,2025-02-18 20:54:23.135,72,0
DB5,select,2025-02-18 20:54:23.140,5,72
DB5,insert,2025-02-18 20:54:23.145,5,5
DB5,update,2025-02-18 20:54:23.151,6,5
DB5,delete,2025-02-18 20:54:23.157,6,6
DB5,commit,2025-02-18 20:54:23.162,5,6
DB5,connect,2025-02-18 20:54:23.341,74,0
DB5,select,2025-02-18 20:54:23.346,4,75
DB5,insert,2025-02-18 20:54:23.352,6,4
DB5,update,2025-02-18 20:54:23.358,6,6
DB5,delete,2025-02-18 20:54:23.363,5,6
DB5,commit,2025-02-18 20:54:23.368,5,5
DB5,connect,2025-02-18 20:54:23.547,73,0
DB5,select,2025-02-18 20:54:23.552,5,73
DB5,insert,2025-02-18 20:54:23.558,6,5
DB5,update,2025-02-18 20:54:23.563,5,6
DB5,delete,2025-02-18 20:54:23.568,4,6
DB5,commit,2025-02-18 20:54:23.574,5,5
DB6,connect,2025-02-18 20:54:23.638,574,0
DB6,select,2025-02-18 20:54:23.643,5,574
DB6,insert,2025-02-18 20:54:23.648,5,5
DB6,update,2025-02-18 20:54:23.653,5,5
DB6,delete,2025-02-18 20:54:23.659,6,5
DB6,commit,2025-02-18 20:54:23.665,6,6
DB5,connect,2025-02-18 20:54:23.753,73,0
DB5,select,2025-02-18 20:54:23.758,5,73
DB5,insert,2025-02-18 20:54:23.764,6,5
DB5,update,2025-02-18 20:54:23.770,6,6
DB5,delete,2025-02-18 20:54:23.775,5,6
DB5,commit,2025-02-18 20:54:23.781,6,5
DB6,connect,2025-02-18 20:54:23.946,75,0
DB6,select,2025-02-18 20:54:23.951,5,75
DB5,connect,2025-02-18 20:54:23.957,71,0
DB6,insert,2025-02-18 20:54:23.957,6,5
DB6,update,2025-02-18 20:54:23.962,5,6
DB5,select,2025-02-18 20:54:23.962,5,71
DB5,insert,2025-02-18 20:54:23.967,5,5
DB6,delete,2025-02-18 20:54:23.967,5,5
DB6,commit,2025-02-18 20:54:23.972,5,5
DB5,update,2025-02-18 20:54:23.972,5,5
DB5,delete,2025-02-18 20:54:23.978,6,5
DB5,commit,2025-02-18 20:54:23.984,6,6
DB3,connect,2025-02-18 20:54:24.017,77,0
DB3,select,2025-02-18 20:54:24.023,6,77
DB3,insert,2025-02-18 20:54:24.031,8,6
DB3,update,2025-02-18 20:54:24.036,5,8
DB3,delete,2025-02-18 20:54:24.042,6,5
DB3,commit,2025-02-18 20:54:24.049,7,6
DB4,connect,2025-02-18 20:54:24.112,77,0
DB4,select,2025-02-18 20:54:24.118,6,77
DB1,connect,2025-02-18 20:54:24.121,79,0
DB4,insert,2025-02-18 20:54:24.124,6,6
DB1,select,2025-02-18 20:54:24.126,5,79
DB4,update,2025-02-18 20:54:24.129,4,6
DB1,insert,2025-02-18 20:54:24.131,5,5
DB4,delete,2025-02-18 20:54:24.134,5,5
DB1,update,2025-02-18 20:54:24.137,6,5
DB4,commit,2025-02-18 20:54:24.139,5,5
DB1,delete,2025-02-18 20:54:24.142,5,6
DB1,commit,2025-02-18 20:54:24.147,5,5
DB5,connect,2025-02-18 20:54:24.167,76,0
DB5,select,2025-02-18 20:54:24.171,4,77
DB5,insert,2025-02-18 20:54:24.177,5,5
DB5,update,2025-02-18 20:54:24.183,6,5
DB5,delete,2025-02-18 20:54:24.188,5,6
DB5,commit,2025-02-18 20:54:24.193,5,5
DB6,connect,2025-02-18 20:54:24.258,78,0
DB6,select,2025-02-18 20:54:24.263,5,78
DB6,insert,2025-02-18 20:54:24.269,6,5
DB6,update,2025-02-18 20:54:24.274,5,6
DB6,delete,2025-02-18 20:54:24.280,6,5
DB6,commit,2025-02-18 20:54:24.286,6,6
DB5,connect,2025-02-18 20:54:24.375,76,0
DB5,select,2025-02-18 20:54:24.380,5,76
DB5,insert,2025-02-18 20:54:24.386,6,5
DB5,update,2025-02-18 20:54:24.390,4,6
DB5,delete,2025-02-18 20:54:24.396,6,4
DB5,commit,2025-02-18 20:54:24.402,6,6
DB6,connect,2025-02-18 20:54:24.562,70,0
DB6,select,2025-02-18 20:54:24.567,5,70
DB6,insert,2025-02-18 20:54:24.579,12,5
DB6,update,2025-02-18 20:54:24.585,5,13
DB5,connect,2025-02-18 20:54:24.585,77,0
DB6,delete,2025-02-18 20:54:24.590,5,5
DB5,select,2025-02-18 20:54:24.590,5,77
DB6,commit,2025-02-18 20:54:24.596,6,5
DB5,insert,2025-02-18 20:54:24.596,6,5
DB5,update,2025-02-18 20:54:24.600,4,6
DB5,delete,2025-02-18 20:54:24.607,5,6
DB5,commit,2025-02-18 20:54:24.612,5,5
DB5,connect,2025-02-18 20:54:24.798,79,0
DB5,select,2025-02-18 20:54:24.804,6,79
DB5,insert,2025-02-18 20:54:24.810,6,6
DB5,update,2025-02-18 20:54:24.816,6,6
DB5,delete,2025-02-18 20:54:24.821,5,6
DB5,commit,2025-02-18 20:54:24.826,5,5
DB6,connect,2025-02-18 20:54:24.876,74,0
DB6,select,2025-02-18 20:54:24.882,6,74
DB6,insert,2025-02-18 20:54:24.891,9,6
DB6,update,2025-02-18 20:54:24.898,7,9
DB6,delete,2025-02-18 20:54:24.905,7,7
DB6,commit,2025-02-18 20:54:24.911,6,7
DB5,connect,2025-02-18 20:54:25.008,75,0
DB5,select,2025-02-18 20:54:25.013,5,75
DB5,insert,2025-02-18 20:54:25.019,6,5
DB5,update,2025-02-18 20:54:25.024,4,6
DB5,delete,2025-02-18 20:54:25.029,5,5
DB5,commit,2025-02-18 20:54:25.035,6,5
DB6,connect,2025-02-18 20:54:25.190,73,0
DB6,select,2025-02-18 20:54:25.195,5,73
DB6,insert,2025-02-18 20:54:25.201,5,6
DB6,update,2025-02-18 20:54:25.206,5,5
DB6,delete,2025-02-18 20:54:25.212,6,5
DB5,connect,2025-02-18 20:54:25.215,75,0
DB6,commit,2025-02-18 20:54:25.217,5,6
DB4,connect,2025-02-18 20:54:25.220,72,0
DB5,select,2025-02-18 20:54:25.220,5,75
DB4,select,2025-02-18 20:54:25.226,6,72
DB5,insert,2025-02-18 20:54:25.226,6,5
DB5,update,2025-02-18 20:54:25.231,5,6
DB1,connect,2025-02-18 20:54:25.231,78,0
DB4,insert,2025-02-18 20:54:25.231,5,6
DB5,delete,2025-02-18 20:54:25.237,6,5
DB4,update,2025-02-18 20:54:25.237,6,5
DB1,select,2025-02-18 20:54:25.237,6,78
DB4,delete,2025-02-18 20:54:25.243,6,6
DB5,commit,2025-02-18 20:54:25.245,8,6
DB1,insert,2025-02-18 20:54:25.245,8,6
DB4,commit,2025-02-18 20:54:25.247,4,6
DB1,update,2025-02-18 20:54:25.251,6,8
DB1,delete,2025-02-18 20:54:25.256,5,6
DB1,commit,2025-02-18 20:54:25.262,6,5
DB5,connect,2025-02-18 20:54:25.429,78,0
DB5,select,2025-02-18 20:54:25.435,6,78
DB5,insert,2025-02-18 20:54:25.440,5,6
DB5,update,2025-02-18 20:54:25.445,5,5
DB5,delete,2025-02-18 20:54:25.450,5,5
DB5,commit,2025-02-18 20:54:25.455,5,5
DB6,connect,2025-02-18 20:54:25.497,74,0
DB6,select,2025-02-18 20:54:25.503,5,75
DB6,insert,2025-02-18 20:54:25.508,5,5
DB6,update,2025-02-18 20:54:25.514,6,5
DB6,delete,2025-02-18 20:54:25.520,6,6
DB6,commit,2025-02-18 20:54:25.524,4,6
DB5,connect,2025-02-18 20:54:25.635,73,0
DB5,select,2025-02-18 20:54:25.641,6,73
DB5,insert,2025-02-18 20:54:25.646,5,6
DB5,update,2025-02-18 20:54:25.651,5,5
DB5,delete,2025-02-18 20:54:25.656,5,5
DB5,commit,2025-02-18 20:54:25.661,5,5
DB6,connect,2025-02-18 20:54:25.807,77,0
DB6,select,2025-02-18 20:54:25.812,5,77
DB6,insert,2025-02-18 20:54:25.817,5,5
DB6,update,2025-02-18 20:54:25.823,5,6
DB6,delete,2025-02-18 20:54:25.829,6,5
DB6,commit,2025-02-18 20:54:25.834,5,6
DB5,connect,2025-02-18 20:54:25.840,72,0
DB5,select,2025-02-18 20:54:25.845,5,72
DB5,insert,2025-02-18 20:54:25.850,4,6
DB5,update,2025-02-18 20:54:25.856,6,4
DB5,delete,2025-02-18 20:54:25.861,5,6
DB5,commit,2025-02-18 20:54:25.866,5,5
DB5,connect,2025-02-18 20:54:26.052,79,0
DB5,select,2025-02-18 20:54:26.057,5,79
DB5,insert,2025-02-18 20:54:26.063,6,5
DB5,update,2025-02-18 20:54:26.069,6,6
DB5,delete,2025-02-18 20:54:26.075,6,6
DB5,commit,2025-02-18 20:54:26.081,6,6
DB6,connect,2025-02-18 20:54:26.123,83,0
DB6,select,2025-02-18 20:54:26.129,6,83
DB6,insert,2025-02-18 20:54:26.134,5,6
DB6,update,2025-02-18 20:54:26.141,6,6
DB3,connect,2025-02-18 20:54:26.143,88,0
DB6,delete,2025-02-18 20:54:26.145,4,6
DB3,select,2025-02-18 20:54:26.149,6,88
DB6,commit,2025-02-18 20:54:26.152,7,4
DB3,insert,2025-02-18 20:54:26.156,7,6
DB3,update,2025-02-18 20:54:26.163,7,7
DB3,delete,2025-02-18 20:54:26.169,6,7
DB3,commit,2025-02-18 20:54:26.174,5,6
DB5,connect,2025-02-18 20:54:26.262,75,0
DB5,select,2025-02-18 20:54:26.268,6,75
DB5,insert,2025-02-18 20:54:26.274,6,6
DB5,update,2025-02-18 20:54:26.278,4,6
DB5,delete,2025-02-18 20:54:26.285,6,5
DB5,commit,2025-02-18 20:54:26.290,5,6
DB4,connect,2025-02-18 20:54:26.332,78,0
DB4,select,2025-02-18 20:54:26.338,6,78
DB1,connect,2025-02-18 20:54:26.343,76,0
DB4,insert,2025-02-18 20:54:26.343,5,6
DB4,update,2025-02-18 20:54:26.349,6,5
DB1,select,2025-02-18 20:54:26.349,6,76
DB4,delete,2025-02-18 20:54:26.355,6,6
DB1,insert,2025-02-18 20:54:26.358,9,6
DB4,commit,2025-02-18 20:54:26.360,5,6
DB1,update,2025-02-18 20:54:26.363,5,9
DB1,delete,2025-02-18 20:54:26.369,6,5
DB1,commit,2025-02-18 20:54:26.374,5,6
DB6,connect,2025-02-18 20:54:26.437,77,0
DB6,select,2025-02-18 20:54:26.443,6,77
DB6,insert,2025-02-18 20:54:26.448,5,6
DB6,update,2025-02-18 20:54:26.453,5,5
DB6,delete,2025-02-18 20:54:26.459,6,5
DB6,commit,2025-02-18 20:54:26.464,5,6
DB5,connect,2025-02-18 20:54:26.475,79,0
DB5,select,2025-02-18 20:54:26.481,6,79
DB5,insert,2025-02-18 20:54:26.487,6,6
DB5,update,2025-02-18 20:54:26.492,5,6
DB5,delete,2025-02-18 20:54:26.498,6,5
DB5,commit,2025-02-18 20:54:26.504,6,6
DB5,connect,2025-02-18 20:54:26.684,74,0
DB5,select,2025-02-18 20:54:26.690,5,75
DB5,insert,2025-02-18 20:54:26.698,8,5
DB5,update,2025-02-18 20:54:26.704,6,8
DB5,delete,2025-02-18 20:54:26.710,6,6
DB5,commit,2025-02-18 20:54:26.715,5,6
DB6,connect,2025-02-18 20:54:26.744,73,0
DB6,select,2025-02-18 20:54:26.750,5,74
DB6,insert,2025-02-18 20:54:26.759,9,6
DB6,update,2025-02-18 20:54:26.766,7,9
DB6,delete,2025-02-18 20:54:26.771,5,7
DB6,commit,2025-02-18 20:54:26.777,6,5
DB5,connect,2025-02-18 20:54:26.901,81,0
DB5,select,2025-02-18 20:54:26.906,5,81
DB5,insert,2025-02-18 20:54:26.912,6,5
DB5,update,2025-02-18 20:54:26.917,5,6
DB5,delete,2025-02-18 20:54:26.922,5,5
DB5,commit,2025-02-18 20:54:26.928,6,5
DB6,connect,2025-02-18 20:54:27.076,82,0
DB6,select,2025-02-18 20:54:27.082,6,82
DB6,insert,2025-02-18 20:54:27.087,5,6
DB6,update,2025-02-18 20:54:27.093,5,6
DB6,delete,2025-02-18 20:54:27.099,6,5
DB6,commit,2025-02-18 20:54:27.105,6,6
DB5,connect,2025-02-18 20:54:27.116,82,0
DB5,select,2025-02-18 20:54:27.122,6,82
DB5,insert,2025-02-18 20:54:27.127,5,6
DB5,update,2025-02-18 20:54:27.132,5,5
DB5,delete,2025-02-18 20:54:27.137,5,5
DB5,commit,2025-02-18 20:54:27.143,6,5
DB4,connect,2025-02-18 20:54:56.774,1193,0
DB1,connect,2025-02-18 20:54:56.774,1193,0
DB5,connect,2025-02-18 20:54:56.774,1193,0
DB3,connect,2025-02-18 20:54:56.774,1193,0
DB6,connect,2025-02-18 20:54:56.777,1196,0
DB3,select,2025-02-18 20:54:56.840,30,1229
DB5,select,2025-02-18 20:54:56.840,30,1229
DB1,select,2025-02-18 20:54:56.840,30,1229
DB4,select,2025-02-18 20:54:56.840,30,1229
DB6,select,2025-02-18 20:54:56.840,30,1229
DB5,insert,2025-02-18 20:54:56.844,4,30
DB4,insert,2025-02-18 20:54:56.847,7,30
DB3,insert,2025-02-18 20:54:56.847,7,30
DB5,update,2025-02-18 20:54:56.850,5,5
DB1,insert,2025-02-18 20:54:56.850,10,30
DB6,insert,2025-02-18 20:54:56.851,11,30
DB4,update,2025-02-18 20:54:56.853,6,7
DB3,update,2025-02-18 20:54:56.853,6,7
DB1,update,2025-02-18 20:54:56.855,5,10
DB5,delete,2025-02-18 20:54:56.855,5,5
DB4,delete,2025-02-18 20:54:56.858,5,6
DB6,update,2025-02-18 20:54:56.858,7,11
DB3,delete,2025-02-18 20:54:56.858,5,6
DB5,commit,2025-02-18 20:54:56.862,6,6
DB1,delete,2025-02-18 20:54:56.862,6,6
DB3,commit,2025-02-18 20:54:56.865,7,5
DB6,delete,2025-02-18 20:54:56.865,7,7
DB4,commit,2025-02-18 20:54:56.865,7,5
DB1,commit,2025-02-18 20:54:56.868,6,6
DB6,commit,2025-02-18 20:54:56.871,6,7
DB5,connect,2025-02-18 20:54:57.044,76,0
DB5,select,2025-02-18 20:54:57.049,5,76
DB5,insert,2025-02-18 20:54:57.055,6,5
DB5,update,2025-02-18 20:54:57.060,5,6
DB5,delete,2025-02-18 20:54:57.066,6,5
DB5,commit,2025-02-18 20:54:57.072,6,6
DB6,connect,2025-02-18 20:54:57.152,74,0
DB6,select,2025-02-18 20:54:57.157,5,74
DB6,insert,2025-02-18 20:54:57.162,5,5
DB6,update,2025-02-18 20:54:57.168,5,6
DB6,delete,2025-02-18 20:54:57.174,6,5
DB6,commit,2025-02-18 20:54:57.179,5,6
DB5,connect,2025-02-18 20:54:57.260,83,0
DB5,select,2025-02-18 20:54:57.266,5,84
DB5,insert,2025-02-18 20:54:57.271,5,5
DB5,update,2025-02-18 20:54:57.278,6,6
DB5,delete,2025-02-18 20:54:57.283,5,6
DB5,commit,2025-02-18 20:54:57.288,5,5
DB6,connect,2025-02-18 20:54:57.461,76,0
DB5,connect,2025-02-18 20:54:57.466,73,0
DB6,select,2025-02-18 20:54:57.466,5,76
DB6,insert,2025-02-18 20:54:57.472,6,5
DB5,select,2025-02-18 20:54:57.473,7,73
DB5,insert,2025-02-18 20:54:57.478,5,7
DB6,update,2025-02-18 20:54:57.478,5,7
DB6,delete,2025-02-18 20:54:57.483,5,5
DB5,update,2025-02-18 20:54:57.483,5,5
DB5,delete,2025-02-18 20:54:57.489,6,5
DB6,commit,2025-02-18 20:54:57.489,6,5
DB5,commit,2025-02-18 20:54:57.495,6,6
DB5,connect,2025-02-18 20:54:57.678,77,0
DB5,select,2025-02-18 20:54:57.684,6,77
DB5,insert,2025-02-18 20:54:57.690,6,6
DB5,update,2025-02-18 20:54:57.695,4,6
DB5,delete,2025-02-18 20:54:57.701,6,5
DB5,commit,2025-02-18 20:54:57.706,5,6
DB6,connect,2025-02-18 20:54:57.771,76,0
DB6,select,2025-02-18 20:54:57.777,6,76
DB6,insert,2025-02-18 20:54:57.782,5,6
DB6,update,2025-02-18 20:54:57.788,6,5
DB6,delete,2025-02-18 20:54:57.794,6,6
DB6,commit,2025-02-18 20:54:57.798,4,6
DB5,connect,2025-02-18 20:54:57.887,74,0
DB5,select,2025-02-18 20:54:57.892,5,74
DB5,insert,2025-02-18 20:54:57.901,9,5
DB5,update,2025-02-18 20:54:57.907,6,9
DB5,delete,2025-02-18 20:54:57.912,5,6
DB5,commit,2025-02-18 20:54:57.918,6,5
DB4,connect,2025-02-18 20:54:57.950,78,0
DB4,select,2025-02-18 20:54:57.956,6,78
DB4,insert,2025-02-18 20:54:57.965,9,6
DB4,update,2025-02-18 20:54:57.971,6,9
DB4,delete,2025-02-18 20:54:57.976,5,6
DB4,commit,2025-02-18 20:54:57.981,5,5
DB6,connect,2025-02-18 20:54:58.082,78,0
DB6,select,2025-02-18 20:54:58.087,5,78
DB6,insert,2025-02-18 20:54:58.093,6,5
DB5,connect,2025-02-18 20:54:58.099,74,0
DB6,update,2025-02-18 20:54:58.099,6,6
DB6,delete,2025-02-18 20:54:58.104,5,6
DB5,select,2025-02-18 20:54:58.104,5,74
DB6,commit,2025-02-18 20:54:58.110,6,5
DB5,insert,2025-02-18 20:54:58.110,6,5
DB5,update,2025-02-18 20:54:58.116,6,6
DB5,delete,2025-02-18 20:54:58.121,5,6
DB5,commit,2025-02-18 20:54:58.127,6,5
DB5,connect,2025-02-18 20:54:58.311,78,0
DB5,select,2025-02-18 20:54:58.318,6,79
DB5,insert,2025-02-18 20:54:58.323,5,6
DB5,update,2025-02-18 20:54:58.329,6,5
DB5,delete,2025-02-18 20:54:58.335,6,6
DB5,commit,2025-02-18 20:54:58.340,5,6
DB6,connect,2025-02-18 20:54:58.395,78,0
DB6,select,2025-02-18 20:54:58.400,5,78
DB6,insert,2025-02-18 20:54:58.406,6,5
DB6,update,2025-02-18 20:54:58.411,5,6
DB6,delete,2025-02-18 20:54:58.417,6,5
DB6,commit,2025-02-18 20:54:58.423,6,6
DB1,connect,2025-02-18 20:54:58.454,579,0
DB1,select,2025-02-18 20:54:58.460,6,579
DB1,insert,2025-02-18 20:54:58.465,5,6
DB1,update,2025-02-18 20:54:58.471,6,5
DB1,delete,2025-02-18 20:54:58.476,5,6
DB1,commit,2025-02-18 20:54:58.481,5,5
DB5,connect,2025-02-18 20:54:58.525,80,0
DB5,select,2025-02-18 20:54:58.530,4,81
DB5,insert,2025-02-18 20:54:58.537,7,4
DB5,update,2025-02-18 20:54:58.542,5,7
DB5,delete,2025-02-18 20:54:58.547,5,5
DB5,commit,2025-02-18 20:54:58.554,6,6
DB6,connect,2025-02-18 20:54:58.703,75,0
DB6,select,2025-02-18 20:54:58.708,5,75
DB6,insert,2025-02-18 20:54:58.714,6,5
DB6,update,2025-02-18 20:54:58.719,5,6
DB6,delete,2025-02-18 20:54:58.725,5,6
DB6,commit,2025-02-18 20:54:58.731,5,6
DB5,connect,2025-02-18 20:54:58.734,74,0
DB5,select,2025-02-18 20:54:58.740,6,74
DB5,insert,2025-02-18 20:54:58.745,5,6
DB5,update,2025-02-18 20:54:58.751,6,5
DB5,delete,2025-02-18 20:54:58.757,6,6
DB5,commit,2025-02-18 20:54:58.762,5,6
DB5,connect,2025-02-18 20:54:58.942,75,0
DB3,connect,2025-02-18 20:54:58.945,74,0
DB5,select,2025-02-18 20:54:58.948,6,75
DB3,select,2025-02-18 20:54:58.951,6,74
DB5,insert,2025-02-18 20:54:58.952,4,6
DB3,insert,2025-02-18 20:54:58.957,6,6
DB5,update,2025-02-18 20:54:58.960,6,6
DB3,update,2025-02-18 20:54:58.963,6,6
DB5,delete,2025-02-18 20:54:58.965,5,6
DB3,delete,2025-02-18 20:54:58.968,5,6
DB5,commit,2025-02-18 20:54:58.971,6,5
DB3,commit,2025-02-18 20:54:58.973,5,5
DB6,connect,2025-02-18 20:54:59.014,78,0
DB6,select,2025-02-18 20:54:59.021,7,78
DB6,insert,2025-02-18 20:54:59.026,5,7
DB6,update,2025-02-18 20:54:59.032,6,5
DB6,delete,2025-02-18 20:54:59.038,6,6
DB6,commit,2025-02-18 20:54:59.044,6,6
DB4,connect,2025-02-18 20:54:59.075,86,0
DB4,select,2025-02-18 20:54:59.081,6,86
DB4,insert,2025-02-18 20:54:59.089,8,6
DB4,update,2025-02-18 20:54:59.095,6,8
DB4,delete,2025-02-18 20:54:59.100,5,6
DB4,commit,2025-02-18 20:54:59.106,6,5
DB5,connect,2025-02-18 20:54:59.153,75,0
DB5,select,2025-02-18 20:54:59.158,5,75
DB5,insert,2025-02-18 20:54:59.164,6,5
DB5,update,2025-02-18 20:54:59.169,5,6
DB5,delete,2025-02-18 20:54:59.175,6,5
DB5,commit,2025-02-18 20:54:59.181,6,6
DB6,connect,2025-02-18 20:54:59.328,75,0
DB6,select,2025-02-18 20:54:59.334,6,75
DB6,insert,2025-02-18 20:54:59.339,5,6
DB6,update,2025-02-18 20:54:59.344,5,5
DB6,delete,2025-02-18 20:54:59.350,6,5
DB6,commit,2025-02-18 20:54:59.356,6,6
DB5,connect,2025-02-18 20:54:59.359,72,0
DB5,select,2025-02-18 20:54:59.365,6,72
DB5,insert,2025-02-18 20:54:59.370,5,6
DB5,update,2025-02-18 20:54:59.375,5,5
DB5,delete,2025-02-18 20:54:59.387,12,5
DB5,commit,2025-02-18 20:54:59.393,6,12
DB1,connect,2025-02-18 20:54:59.566,78,0
DB5,connect,2025-02-18 20:54:59.570,72,0
DB1,select,2025-02-18 20:54:59.572,6,78
DB1,insert,2025-02-18 20:54:59.577,5,6
DB5,select,2025-02-18 20:54:59.577,5,74
DB5,insert,2025-02-18 20:54:59.583,6,5
DB1,update,2025-02-18 20:54:59.583,6,5
DB1,delete,2025-02-18 20:54:59.588,5,6
DB5,update,2025-02-18 20:54:59.588,5,6
DB5,delete,2025-02-18 20:54:59.594,5,6
DB1,commit,2025-02-18 20:54:59.594,6,5
DB5,commit,2025-02-18 20:54:59.600,6,5
DB6,connect,2025-02-18 20:54:59.643,80,0
DB6,select,2025-02-18 20:54:59.648,5,80
DB6,insert,2025-02-18 20:54:59.653,5,5
DB6,update,2025-02-18 20:54:59.659,5,6
DB6,delete,2025-02-18 20:54:59.666,7,5
DB6,commit,2025-02-18 20:54:59.671,5,7
DB5,connect,2025-02-18 20:54:59.787,81,0
DB5,select,2025-02-18 20:54:59.792,5,81
DB5,insert,2025-02-18 20:54:59.797,5,5
DB5,update,2025-02-18 20:54:59.803,6,5
DB5,delete,2025-02-18 20:54:59.809,6,6
DB5,commit,2025-02-18 20:54:59.815,6,6
DB6,connect,2025-02-18 20:54:59.952,75,0
DB6,select,2025-02-18 20:54:59.958,6,75
DB6,insert,2025-02-18 20:54:59.963,5,6
DB6,update,2025-02-18 20:54:59.969,6,5
DB6,delete,2025-02-18 20:54:59.975,6,6
DB6,commit,2025-02-18 20:54:59.981,5,7
DB5,connect,2025-02-18 20:54:59.999,78,0
DB5,select,2025-02-18 20:55:00.006,7,78
DB5,insert,2025-02-18 20:55:00.011,5,7
DB5,update,2025-02-18 20:55:00.017,6,5
DB5,delete,2025-02-18 20:55:00.024,7,6
DB5,commit,2025-02-18 20:55:00.030,6,7
DB4,connect,2025-02-18 20:55:00.191,79,0
DB4,select,2025-02-18 20:55:00.197,6,79
DB4,insert,2025-02-18 20:55:00.203,6,6
DB4,update,2025-02-18 20:55:00.208,5,6
DB5,connect,2025-02-18 20:55:00.211,74,0
DB4,delete,2025-02-18 20:55:00.214,6,5
DB5,select,2025-02-18 20:55:00.217,6,74
DB4,commit,2025-02-18 20:55:00.220,6,6
DB5,insert,2025-02-18 20:55:00.225,8,6
DB5,update,2025-02-18 20:55:00.230,5,8
DB5,delete,2025-02-18 20:55:00.236,6,5
DB5,commit,2025-02-18 20:55:00.242,6,6
DB6,connect,2025-02-18 20:55:00.283,92,0
DB6,select,2025-02-18 20:55:00.289,6,92
DB6,insert,2025-02-18 20:55:00.299,10,6
DB6,update,2025-02-18 20:55:00.305,6,10
DB6,delete,2025-02-18 20:55:00.311,6,6
DB6,commit,2025-02-18 20:55:00.316,5,6
DB5,connect,2025-02-18 20:55:00.431,80,0
DB5,select,2025-02-18 20:55:00.436,5,80
DB5,insert,2025-02-18 20:55:00.442,6,5
DB5,update,2025-02-18 20:55:00.447,5,6
DB5,delete,2025-02-18 20:55:00.453,6,5
DB5,commit,2025-02-18 20:55:00.459,6,6
DB6,connect,2025-02-18 20:55:00.596,74,0
DB6,select,2025-02-18 20:55:00.603,6,75
DB6,insert,2025-02-18 20:55:00.609,6,6
DB6,update,2025-02-18 20:55:00.614,5,6
DB6,delete,2025-02-18 20:55:00.620,6,5
DB6,commit,2025-02-18 20:55:00.625,5,6
DB5,connect,2025-02-18 20:55:00.649,84,0
DB5,select,2025-02-18 20:55:00.654,5,84
DB5,insert,2025-02-18 20:55:00.660,6,5
DB5,update,2025-02-18 20:55:00.666,6,6
DB5,delete,2025-02-18 20:55:00.671,5,6
DB5,commit,2025-02-18 20:55:00.677,6,5
DB1,connect,2025-02-18 20:55:00.678,77,0
DB1,select,2025-02-18 20:55:00.683,5,78
DB1,insert,2025-02-18 20:55:00.689,6,5
DB1,update,2025-02-18 20:55:00.695,6,6
DB1,delete,2025-02-18 20:55:00.700,5,6
DB1,commit,2025-02-18 20:55:00.706,6,5
DB5,connect,2025-02-18 20:55:00.867,84,0
DB5,select,2025-02-18 20:55:00.874,7,84
DB5,insert,2025-02-18 20:55:00.878,4,7
DB5,update,2025-02-18 20:55:00.885,7,4
DB5,delete,2025-02-18 20:55:00.890,5,7
DB5,commit,2025-02-18 20:55:00.896,6,5
DB6,connect,2025-02-18 20:55:00.908,77,0
DB6,select,2025-02-18 20:55:00.914,6,77
DB6,insert,2025-02-18 20:55:00.920,6,6
DB6,update,2025-02-18 20:55:00.925,5,6
DB6,delete,2025-02-18 20:55:00.930,5,5
DB6,commit,2025-02-18 20:55:00.936,6,5
DB3,connect,2025-02-18 20:55:01.058,78,0
DB3,select,2025-02-18 20:55:01.065,7,78
DB3,insert,2025-02-18 20:55:01.069,4,7
DB3,update,2025-02-18 20:55:01.076,7,4
DB5,connect,2025-02-18 20:55:01.079,75,0
DB3,delete,2025-02-18 20:55:01.082,6,7
DB5,select,2025-02-18 20:55:01.085,6,75
DB3,commit,2025-02-18 20:55:01.087,5,6
DB5,insert,2025-02-18 20:55:01.090,5,6
DB5,update,2025-02-18 20:55:01.095,5,5
DB5,delete,2025-02-18 20:55:01.101,6,5
DB5,commit,2025-02-18 20:55:01.108,7,6
DB6,connect,2025-02-18 20:55:01.222,78,0
DB6,select,2025-02-18 20:55:01.228,6,78
DB6,insert,2025-02-18 20:55:01.233,5,6
DB6,update,2025-02-18 20:55:01.239,6,5
DB6,delete,2025-02-18 20:55:01.244,5,6
DB6,commit,2025-02-18 20:55:01.251,6,6
DB5,connect,2025-02-18 20:55:01.294,80,0
DB5,select,2025-02-18 20:55:01.300,6,80
DB4,connect,2025-02-18 20:55:01.305,77,0
DB5,insert,2025-02-18 20:55:01.305,5,6
DB5,update,2025-02-18 20:55:01.311,5,6
DB4,select,2025-02-18 20:55:01.311,5,78
DB5,delete,2025-02-18 20:55:01.318,7,5
DB4,insert,2025-02-18 20:55:01.318,7,5
DB5,commit,2025-02-18 20:55:01.323,5,7
DB4,update,2025-02-18 20:55:01.323,5,7
DB4,delete,2025-02-18 20:55:01.329,6,5
DB4,commit,2025-02-18 20:55:01.334,5,6
DB5,connect,2025-02-18 20:55:01.506,77,0
DB5,select,2025-02-18 20:55:01.511,5,77
DB5,insert,2025-02-18 20:55:01.517,6,5
DB5,update,2025-02-18 20:55:01.523,6,6
DB5,delete,2025-02-18 20:55:01.529,6,6
DB5,commit,2025-02-18 20:55:01.535,6,6
DB6,connect,2025-02-18 20:55:01.535,77,0
DB6,select,2025-02-18 20:55:01.541,6,77
DB6,insert,2025-02-18 20:55:01.547,6,6
DB6,update,2025-02-18 20:55:01.552,5,6
DB6,delete,2025-02-18 20:55:01.558,6,5
DB6,commit,2025-02-18 20:55:01.565,7,6
DB5,connect,2025-02-18 20:55:01.720,78,0
DB5,select,2025-02-18 20:55:01.725,5,78
DB5,insert,2025-02-18 20:55:01.731,6,5
DB5,update,2025-02-18 20:55:01.737,6,6
DB5,delete,2025-02-18 20:55:01.743,6,6
DB5,commit,2025-02-18 20:55:01.749,6,6
DB1,connect,2025-02-18 20:55:01.789,75,0
DB1,select,2025-02-18 20:55:01.794,5,76
DB1,insert,2025-02-18 20:55:01.800,6,5
DB1,update,2025-02-18 20:55:01.805,5,6
DB1,delete,2025-02-18 20:55:01.812,7,5
DB1,commit,2025-02-18 20:55:01.818,6,7
DB6,connect,2025-02-18 20:55:01.851,80,0
DB6,select,2025-02-18 20:55:01.857,6,80
DB6,insert,2025-02-18 20:55:01.862,5,6
DB6,update,2025-02-18 20:55:01.867,5,5
DB6,delete,2025-02-18 20:55:01.873,6,5
DB6,commit,2025-02-18 20:55:01.880,7,6
DB5,connect,2025-02-18 20:55:01.932,78,0
DB5,select,2025-02-18 20:55:01.937,5,78
DB5,insert,2025-02-18 20:55:01.944,6,6
DB5,update,2025-02-18 20:55:01.949,5,6
DB5,delete,2025-02-18 20:55:01.955,6,5
DB5,commit,2025-02-18 20:55:01.960,5,6
DB5,connect,2025-02-18 20:55:02.153,87,0
DB5,select,2025-02-18 20:55:02.159,6,87
DB5,insert,2025-02-18 20:55:02.165,6,6
DB5,update,2025-02-18 20:55:02.170,5,6
DB6,connect,2025-02-18 20:55:02.170,84,0
DB5,delete,2025-02-18 20:55:02.176,6,5
DB6,select,2025-02-18 20:55:02.176,6,84
DB5,commit,2025-02-18 20:55:02.181,5,6
DB6,insert,2025-02-18 20:55:02.181,5,6
DB6,update,2025-02-18 20:55:02.188,7,5
DB6,delete,2025-02-18 20:55:02.194,6,7
DB6,commit,2025-02-18 20:55:02.199,5,6
DB5,connect,2025-02-18 20:55:02.381,93,0
DB5,select,2025-02-18 20:55:02.387,6,93
DB5,insert,2025-02-18 20:55:02.394,6,7
DB5,update,2025-02-18 20:55:02.399,5,6
DB5,delete,2025-02-18 20:55:02.406,7,5
DB5,commit,2025-02-18 20:55:02.412,6,7
DB4,connect,2025-02-18 20:55:02.442,102,0
DB4,select,2025-02-18 20:55:02.447,5,102
DB4,insert,2025-02-18 20:55:02.453,5,6
DB4,update,2025-02-18 20:55:02.459,6,5
DB4,delete,2025-02-18 20:55:02.464,5,6
DB4,commit,2025-02-18 20:55:02.471,7,5
DB6,connect,2025-02-18 20:55:02.488,82,0
DB6,select,2025-02-18 20:55:02.494,6,82
DB6,insert,2025-02-18 20:55:02.499,5,6
DB6,update,2025-02-18 20:55:02.505,6,5
DB6,delete,2025-02-18 20:55:02.511,6,6
DB6,commit,2025-02-18 20:55:02.516,5,6
DB5,connect,2025-02-18 20:55:02.595,78,0
DB5,select,2025-02-18 20:55:02.601,5,79
DB5,insert,2025-02-18 20:55:02.607,6,5
DB5,update,2025-02-18 20:55:02.613,6,6
DB5,delete,2025-02-18 20:55:02.619,6,6
DB5,commit,2025-02-18 20:55:02.625,6,6
DB6,connect,2025-02-18 20:55:02.797,74,0
DB5,connect,2025-02-18 20:55:02.803,72,0
DB6,select,2025-02-18 20:55:02.803,6,74
DB6,insert,2025-02-18 20:55:02.809,6,6
DB5,select,2025-02-18 20:55:02.809,6,72
DB6,update,2025-02-18 20:55:02.814,5,6
DB5,insert,2025-02-18 20:55:02.814,5,6
DB6,delete,2025-02-18 20:55:02.821,7,5
DB5,update,2025-02-18 20:55:02.821,7,5
DB5,delete,2025-02-18 20:55:02.827,6,7
DB6,commit,2025-02-18 20:55:02.827,6,7
DB5,commit,2025-02-18 20:55:02.833,6,6
DB1,connect,2025-02-18 20:55:02.902,77,0
DB1,select,2025-02-18 20:55:02.907,5,77
DB1,insert,2025-02-18 20:55:02.913,6,5
DB1,update,2025-02-18 20:55:02.919,6,6
DB1,delete,2025-02-18 20:55:02.925,6,6
DB1,commit,2025-02-18 20:55:02.931,6,6
DB5,connect,2025-02-18 20:55:03.016,77,0
DB5,select,2025-02-18 20:55:03.023,7,77
DB5,insert,2025-02-18 20:55:03.029,6,7
DB5,update,2025-02-18 20:55:03.035,6,6
DB5,delete,2025-02-18 20:55:03.041,6,6
DB5,commit,2025-02-18 20:55:03.046,5,6
DB6,connect,2025-02-18 20:55:03.111,78,0
DB6,select,2025-02-18 20:55:03.117,5,79
DB6,insert,2025-02-18 20:55:03.123,6,5
DB6,update,2025-02-18 20:55:03.129,6,6
DB6,delete,2025-02-18 20:55:03.135,5,7
DB6,commit,2025-02-18 20:55:03.141,6,5
DB3,connect,2025-02-18 20:55:03.171,77,0
DB3,select,2025-02-18 20:55:03.176,5,77
DB3,insert,2025-02-18 20:55:03.182,6,5
DB3,update,2025-02-18 20:55:03.189,7,6
DB3,delete,2025-02-18 20:55:03.194,5,7
DB3,commit,2025-02-18 20:55:03.200,6,5
DB5,connect,2025-02-18 20:55:03.232,79,0
DB5,select,2025-02-18 20:55:03.238,6,79
DB5,insert,2025-02-18 20:55:03.244,6,6
DB5,update,2025-02-18 20:55:03.249,5,6
DB5,delete,2025-02-18 20:55:03.255,6,5
DB5,commit,2025-02-18 20:55:03.262,7,6
DB6,connect,2025-02-18 20:55:03.423,76,0
DB6,select,2025-02-18 20:55:03.435,12,76
DB6,insert,2025-02-18 20:55:03.441,6,12
DB6,update,2025-02-18 20:55:03.447,6,6
DB5,connect,2025-02-18 20:55:03.447,80,0
DB6,delete,2025-02-18 20:55:03.453,6,6
DB5,select,2025-02-18 20:55:03.453,6,80
DB6,commit,2025-02-18 20:55:03.458,5,6
DB5,insert,2025-02-18 20:55:03.458,5,6
DB5,update,2025-02-18 20:55:03.465,6,6
DB5,delete,2025-02-18 20:55:03.471,6,6
DB5,commit,2025-02-18 20:55:03.477,6,6
DB4,connect,2025-02-18 20:55:03.555,78,0
DB4,select,2025-02-18 20:55:03.561,6,78
DB4,insert,2025-02-18 20:55:03.566,5,6
DB4,update,2025-02-18 20:55:03.573,7,5
DB4,delete,2025-02-18 20:55:03.579,6,7
DB4,commit,2025-02-18 20:55:03.584,5,6
DB5,connect,2025-02-18 20:55:03.661,77,0
DB5,select,2025-02-18 20:55:03.667,6,77
DB5,insert,2025-02-18 20:55:03.673,6,6
DB5,update,2025-02-18 20:55:03.678,5,6
DB5,delete,2025-02-18 20:55:03.685,7,5
DB5,commit,2025-02-18 20:55:03.690,5,7
DB6,connect,2025-02-18 20:55:03.743,78,0
DB6,select,2025-02-18 20:55:03.749,6,78
DB6,insert,2025-02-18 20:55:03.755,6,6
DB6,update,2025-02-18 20:55:03.761,6,6
DB6,delete,2025-02-18 20:55:03.766,5,6
DB6,commit,2025-02-18 20:55:03.772,6,5
DB5,connect,2025-02-18 20:55:03.874,77,0
DB5,select,2025-02-18 20:55:03.881,7,77
DB5,insert,2025-02-18 20:55:03.885,4,7
DB5,update,2025-02-18 20:55:03.892,7,4
DB5,delete,2025-02-18 20:55:03.897,5,7
DB5,commit,2025-02-18 20:55:03.903,6,5
DB1,connect,2025-02-18 20:55:04.014,76,0
DB1,select,2025-02-18 20:55:04.019,5,76
DB1,insert,2025-02-18 20:55:04.026,7,5
DB1,update,2025-02-18 20:55:04.032,5,8
DB1,delete,2025-02-18 20:55:04.038,6,5
DB1,commit,2025-02-18 20:55:04.045,7,6
DB6,connect,2025-02-18 20:55:04.066,86,0
DB6,select,2025-02-18 20:55:04.072,6,86
DB6,insert,2025-02-18 20:55:04.078,6,6
DB6,update,2025-02-18 20:55:04.084,6,6
DB6,delete,2025-02-18 20:55:04.089,5,6
DB5,connect,2025-02-18 20:55:04.093,83,0
DB6,commit,2025-02-18 20:55:04.096,7,5
DB5,select,2025-02-18 20:55:04.099,6,83
DB5,insert,2025-02-18 20:55:04.105,6,6
DB5,update,2025-02-18 20:55:04.111,6,6
DB5,delete,2025-02-18 20:55:04.116,5,6
DB5,commit,2025-02-18 20:55:04.122,6,5
DB5,connect,2025-02-18 20:55:04.306,77,0
DB5,select,2025-02-18 20:55:04.312,6,77
DB5,insert,2025-02-18 20:55:04.318,6,6
DB5,update,2025-02-18 20:55:04.324,6,6
DB5,delete,2025-02-18 20:55:04.330,5,7
DB5,commit,2025-02-18 20:55:04.336,6,5
DB6,connect,2025-02-18 20:55:04.376,74,0
DB6,select,2025-02-18 20:55:04.382,6,74
DB6,insert,2025-02-18 20:55:04.388,6,6
DB6,update,2025-02-18 20:55:04.394,6,6
DB6,delete,2025-02-18 20:55:04.400,6,6
DB6,commit,2025-02-18 20:55:04.406,6,6
DB5,connect,2025-02-18 20:55:04.527,84,0
DB5,select,2025-02-18 20:55:04.533,6,84
DB5,insert,2025-02-18 20:55:04.538,5,6
DB5,update,2025-02-18 20:55:04.544,6,5
DB5,delete,2025-02-18 20:55:04.551,7,6
DB5,commit,2025-02-18 20:55:04.555,4,7
DB4,connect,2025-02-18 20:55:04.665,74,0
DB4,select,2025-02-18 20:55:04.670,5,74
DB4,insert,2025-02-18 20:55:04.676,6,5
DB4,update,2025-02-18 20:55:04.683,7,6
DB4,delete,2025-02-18 20:55:04.688,5,7
DB6,connect,2025-02-18 20:55:04.688,74,0
DB4,commit,2025-02-18 20:55:04.695,7,5
DB6,select,2025-02-18 20:55:04.695,7,74
DB6,insert,2025-02-18 20:55:04.700,5,7
DB6,update,2025-02-18 20:55:04.706,6,5
DB6,delete,2025-02-18 20:55:04.712,5,7
DB6,commit,2025-02-18 20:55:04.718,6,5
DB5,connect,2025-02-18 20:55:04.742,79,0
DB5,select,2025-02-18 20:55:04.748,6,79
DB5,insert,2025-02-18 20:55:04.755,7,6
DB5,update,2025-02-18 20:55:04.760,5,7
DB5,delete,2025-02-18 20:55:04.766,6,5
DB5,commit,2025-02-18 20:55:04.772,6,6
DB5,connect,2025-02-18 20:55:04.954,76,0
DB5,select,2025-02-18 20:55:04.960,6,76
DB5,insert,2025-02-18 20:55:04.966,6,6
DB5,update,2025-02-18 20:55:04.972,6,6
DB5,delete,2025-02-18 20:55:04.977,5,6
DB5,commit,2025-02-18 20:55:04.984,7,5
DB6,connect,2025-02-18 20:55:04.999,74,0
DB6,select,2025-02-18 20:55:05.004,5,74
DB6,insert,2025-02-18 20:55:05.011,7,5
DB6,update,2025-02-18 20:55:05.017,6,7
DB6,delete,2025-02-18 20:55:05.022,5,6
DB6,commit,2025-02-18 20:55:05.028,6,5
DB1,connect,2025-02-18 20:55:05.133,79,0
DB1,select,2025-02-18 20:55:05.139,6,79
DB1,insert,2025-02-18 20:55:05.146,7,6
DB1,update,2025-02-18 20:55:05.152,6,7
DB1,delete,2025-02-18 20:55:05.157,5,6
DB1,commit,2025-02-18 20:55:05.163,6,5
DB5,connect,2025-02-18 20:55:05.169,78,0
DB5,select,2025-02-18 20:55:05.176,7,78
DB5,insert,2025-02-18 20:55:05.181,5,7
DB5,update,2025-02-18 20:55:05.187,6,5
DB5,delete,2025-02-18 20:55:05.193,6,6
DB5,commit,2025-02-18 20:55:05.199,6,6
DB3,connect,2025-02-18 20:55:05.283,77,0
DB3,select,2025-02-18 20:55:05.289,6,77
DB3,insert,2025-02-18 20:55:05.296,6,7
DB3,update,2025-02-18 20:55:05.301,5,6
DB3,delete,2025-02-18 20:55:05.308,7,5
DB6,connect,2025-02-18 20:55:05.310,75,0
DB3,commit,2025-02-18 20:55:05.313,5,7
DB6,select,2025-02-18 20:55:05.316,6,75
DB6,insert,2025-02-18 20:55:05.323,7,6
DB6,update,2025-02-18 20:55:05.329,6,7
DB6,delete,2025-02-18 20:55:05.335,6,6
DB6,commit,2025-02-18 20:55:05.341,5,6
DB5,connect,2025-02-18 20:55:05.384,79,0
DB5,select,2025-02-18 20:55:05.390,6,79
DB5,insert,2025-02-18 20:55:05.397,7,6
DB5,update,2025-02-18 20:55:05.403,6,7
DB5,delete,2025-02-18 20:55:05.409,6,6
DB5,commit,2025-02-18 20:55:05.414,5,6
DB5,connect,2025-02-18 20:55:05.602,81,0
DB5,select,2025-02-18 20:55:05.608,6,81
DB5,insert,2025-02-18 20:55:05.614,6,6
DB5,update,2025-02-18 20:55:05.620,6,6
DB5,delete,2025-02-18 20:55:05.626,6,6
DB6,connect,2025-02-18 20:55:05.626,79,0
DB5,commit,2025-02-18 20:55:05.633,7,6
DB6,select,2025-02-18 20:55:05.633,7,79
DB6,insert,2025-02-18 20:55:05.640,7,7
DB6,update,2025-02-18 20:55:05.645,5,7
DB6,delete,2025-02-18 20:55:05.652,7,5
DB6,commit,2025-02-18 20:55:05.658,6,7
DB4,connect,2025-02-18 20:55:05.784,84,0
DB4,select,2025-02-18 20:55:05.790,6,84
DB4,insert,2025-02-18 20:55:05.799,9,6
DB4,update,2025-02-18 20:55:05.804,5,9
DB4,delete,2025-02-18 20:55:05.810,6,5
DB4,commit,2025-02-18 20:55:05.817,7,6
DB5,connect,2025-02-18 20:55:05.823,83,0
DB5,select,2025-02-18 20:55:05.829,6,83
DB5,insert,2025-02-18 20:55:05.834,5,6
DB5,update,2025-02-18 20:55:05.840,6,5
DB5,delete,2025-02-18 20:55:05.847,7,6
DB5,commit,2025-02-18 20:55:05.853,6,7
DB6,connect,2025-02-18 20:55:05.941,76,0
DB6,select,2025-02-18 20:55:05.948,7,76
DB6,insert,2025-02-18 20:55:05.954,6,7
DB6,update,2025-02-18 20:55:05.960,6,6
DB6,delete,2025-02-18 20:55:05.966,6,6
DB6,commit,2025-02-18 20:55:05.972,6,6
DB5,connect,2025-02-18 20:55:06.034,75,0
DB5,select,2025-02-18 20:55:06.040,6,75
DB5,insert,2025-02-18 20:55:06.047,7,6
DB5,update,2025-02-18 20:55:06.052,5,7
DB5,delete,2025-02-18 20:55:06.058,6,5
DB5,commit,2025-02-18 20:55:06.064,6,6
DB5,connect,2025-02-18 20:55:06.256,86,0
DB1,connect,2025-02-18 20:55:06.258,88,0
DB5,select,2025-02-18 20:55:06.262,6,86
DB6,connect,2025-02-18 20:55:06.265,86,0
DB1,select,2025-02-18 20:55:06.265,7,88
DB5,insert,2025-02-18 20:55:06.268,6,6
DB1,insert,2025-02-18 20:55:06.272,7,7
DB6,select,2025-02-18 20:55:06.272,7,86
DB5,update,2025-02-18 20:55:06.275,7,6
DB6,insert,2025-02-18 20:55:06.279,7,7
DB1,update,2025-02-18 20:55:06.279,7,7
DB5,delete,2025-02-18 20:55:06.283,8,7
DB6,update,2025-02-18 20:55:06.286,7,7
DB1,delete,2025-02-18 20:55:06.286,7,7
DB5,commit,2025-02-18 20:55:06.289,6,8
DB1,commit,2025-02-18 20:55:06.292,6,7
DB6,delete,2025-02-18 20:55:06.292,6,7
DB6,commit,2025-02-18 20:55:06.298,6,6
DB5,connect,2025-02-18 20:55:06.473,77,0
DB5,select,2025-02-18 20:55:06.479,6,77
DB5,insert,2025-02-18 20:55:06.485,6,6
DB5,update,2025-02-18 20:55:06.491,6,6
DB5,delete,2025-02-18 20:55:06.497,6,6
DB5,commit,2025-02-18 20:55:06.504,7,6
DB6,connect,2025-02-18 20:55:06.595,87,0
DB6,select,2025-02-18 20:55:06.601,6,87
DB6,insert,2025-02-18 20:55:06.607,6,6
DB6,update,2025-02-18 20:55:06.613,6,6
DB6,delete,2025-02-18 20:55:06.619,6,6
DB6,commit,2025-02-18 20:55:06.625,6,6
DB5,connect,2025-02-18 20:55:06.691,80,0
DB5,select,2025-02-18 20:55:06.697,6,80
DB5,insert,2025-02-18 20:55:06.704,7,6
DB5,update,2025-02-18 20:55:06.708,4,7
DB5,delete,2025-02-18 20:55:06.716,8,4
DB5,commit,2025-02-18 20:55:06.721,5,8
DB4,connect,2025-02-18 20:55:06.901,78,0
DB5,connect,2025-02-18 20:55:06.904,77,0
DB4,select,2025-02-18 20:55:06.908,7,78
DB6,connect,2025-02-18 20:55:06.911,79,0
DB5,select,2025-02-18 20:55:06.911,7,77
DB4,insert,2025-02-18 20:55:06.914,6,7
DB5,insert,2025-02-18 20:55:06.916,5,7
DB6,select,2025-02-18 20:55:06.916,5,79
DB4,update,2025-02-18 20:55:06.919,5,6
DB6,insert,2025-02-18 20:55:06.923,7,5
DB5,update,2025-02-18 20:55:06.923,7,5
DB4,delete,2025-02-18 20:55:06.925,5,6
DB6,update,2025-02-18 20:55:06.928,5,7
DB5,delete,2025-02-18 20:55:06.928,5,7
DB4,commit,2025-02-18 20:55:06.931,6,5
DB6,delete,2025-02-18 20:55:06.934,6,5
DB5,commit,2025-02-18 20:55:06.934,6,5
DB6,commit,2025-02-18 20:55:06.941,7,6
DB5,connect,2025-02-18 20:55:07.121,80,0
DB5,select,2025-02-18 20:55:07.127,6,80
DB5,insert,2025-02-18 20:55:07.133,6,6
DB5,update,2025-02-18 20:55:07.139,6,6
DB5,delete,2025-02-18 20:55:07.145,6,6
DB5,commit,2025-02-18 20:55:07.151,6,6
DB6,connect,2025-02-18 20:55:07.228,80,0
DB6,select,2025-02-18 20:55:07.234,6,80
DB6,insert,2025-02-18 20:55:07.240,6,6
DB6,update,2025-02-18 20:55:07.247,7,6
DB6,delete,2025-02-18 20:55:07.252,5,7
DB6,commit,2025-02-18 20:55:07.258,6,5
DB5,connect,2025-02-18 20:55:07.338,80,0
DB5,select,2025-02-18 20:55:07.344,6,80
DB5,insert,2025-02-18 20:55:07.351,7,6
DB5,update,2025-02-18 20:55:07.357,6,7
DB5,delete,2025-02-18 20:55:07.363,6,6
DB5,commit,2025-02-18 20:55:07.369,6,6
DB1,connect,2025-02-18 20:55:07.375,76,0
DB1,select,2025-02-18 20:55:07.382,7,76
DB1,insert,2025-02-18 20:55:07.387,5,7
DB1,update,2025-02-18 20:55:07.394,7,5
DB3,connect,2025-02-18 20:55:07.397,77,0
DB1,delete,2025-02-18 20:55:07.399,5,7
DB3,select,2025-02-18 20:55:07.403,6,77
DB1,commit,2025-02-18 20:55:07.406,7,5
DB3,insert,2025-02-18 20:55:07.409,6,6
DB3,update,2025-02-18 20:55:07.415,6,6
DB3,delete,2025-02-18 20:55:07.421,6,6
DB3,commit,2025-02-18 20:55:07.428,7,6
DB6,connect,2025-02-18 20:55:07.542,77,0
DB6,select,2025-02-18 20:55:07.548,5,78
DB6,insert,2025-02-18 20:55:07.555,7,5
DB5,connect,2025-02-18 20:55:07.555,80,0
DB6,update,2025-02-18 20:55:07.561,6,7
DB5,select,2025-02-18 20:55:07.562,7,80
DB5,insert,2025-02-18 20:55:07.568,6,7
DB6,delete,2025-02-18 20:55:07.568,6,7
DB5,update,2025-02-18 20:55:07.574,6,6
DB6,commit,2025-02-18 20:55:07.574,6,6
DB5,delete,2025-02-18 20:55:07.582,8,6
DB5,commit,2025-02-18 20:55:07.588,6,8
DB5,connect,2025-02-18 20:55:07.774,79,0
DB5,select,2025-02-18 20:55:07.780,6,79
DB5,insert,2025-02-18 20:55:07.787,7,6
DB5,update,2025-02-18 20:55:07.792,5,7
DB5,delete,2025-02-18 20:55:07.798,6,5
DB5,commit,2025-02-18 20:55:07.811,13,6
DB6,connect,2025-02-18 20:55:07.867,85,0
DB6,select,2025-02-18 20:55:07.873,6,85
DB6,insert,2025-02-18 20:55:07.879,6,6
DB6,update,2025-02-18 20:55:07.885,6,6
DB6,delete,2025-02-18 20:55:07.892,7,6
DB6,commit,2025-02-18 20:55:07.897,5,7
DB5,connect,2025-02-18 20:55:07.999,81,0
DB5,select,2025-02-18 20:55:08.005,6,81
DB5,insert,2025-02-18 20:55:08.011,6,6
DB4,connect,2025-02-18 20:55:08.014,76,0
DB5,update,2025-02-18 20:55:08.017,6,6
DB4,select,2025-02-18 20:55:08.021,7,76
DB5,delete,2025-02-18 20:55:08.023,6,6
DB4,insert,2025-02-18 20:55:08.026,5,7
DB5,commit,2025-02-18 20:55:08.030,7,6
DB4,update,2025-02-18 20:55:08.033,7,5
DB4,delete,2025-02-18 20:55:08.038,5,7
DB4,commit,2025-02-18 20:55:08.045,6,6
DB6,connect,2025-02-18 20:55:08.187,83,0
DB6,select,2025-02-18 20:55:08.192,5,83
DB6,insert,2025-02-18 20:55:08.200,6,7
DB6,update,2025-02-18 20:55:08.205,5,6
DB5,connect,2025-02-18 20:55:08.212,76,0
DB6,delete,2025-02-18 20:55:08.214,9,5
DB5,select,2025-02-18 20:55:08.217,5,76
DB6,commit,2025-02-18 20:55:08.220,6,9
DB5,insert,2025-02-18 20:55:08.223,6,5
DB5,update,2025-02-18 20:55:08.229,6,6
DB5,delete,2025-02-18 20:55:08.236,7,6
DB5,commit,2025-02-18 20:55:08.242,6,7
DB5,connect,2025-02-18 20:55:08.429,81,0
DB5,select,2025-02-18 20:55:08.436,7,81
DB5,insert,2025-02-18 20:55:08.442,6,7
DB5,update,2025-02-18 20:55:08.448,6,6
DB5,delete,2025-02-18 20:55:08.454,6,6
DB5,commit,2025-02-18 20:55:08.464,10,6
DB1,connect,2025-02-18 20:55:08.491,78,0
DB1,select,2025-02-18 20:55:08.498,7,78
DB1,insert,2025-02-18 20:55:08.504,6,7
DB6,connect,2025-02-18 20:55:08.507,80,0
DB1,update,2025-02-18 20:55:08.511,7,6
DB6,select,2025-02-18 20:55:08.513,5,81
DB1,delete,2025-02-18 20:55:08.516,5,7
DB6,insert,2025-02-18 20:55:08.520,7,5
DB1,commit,2025-02-18 20:55:08.522,6,5
DB6,update,2025-02-18 20:55:08.526,6,7
DB6,delete,2025-02-18 20:55:08.532,6,6
DB6,commit,2025-02-18 20:55:08.539,7,6
DB5,connect,2025-02-18 20:55:08.656,86,0
DB5,select,2025-02-18 20:55:08.663,7,86
DB5,insert,2025-02-18 20:55:08.668,5,7
DB5,update,2025-02-18 20:55:08.675,7,5
DB5,delete,2025-02-18 20:55:08.680,5,7
DB5,commit,2025-02-18 20:55:08.686,6,5
DB6,connect,2025-02-18 20:55:08.825,80,0
DB6,select,2025-02-18 20:55:08.830,5,80
DB6,insert,2025-02-18 20:55:08.837,7,5
DB6,update,2025-02-18 20:55:08.843,6,7
DB6,delete,2025-02-18 20:55:08.849,6,6
DB6,commit,2025-02-18 20:55:08.855,6,6
DB5,connect,2025-02-18 20:55:08.871,77,0
DB5,select,2025-02-18 20:55:08.877,6,77
DB5,insert,2025-02-18 20:55:08.883,6,6
DB5,update,2025-02-18 20:55:08.889,6,6
DB5,delete,2025-02-18 20:55:08.896,7,6
DB5,commit,2025-02-18 20:55:08.902,6,7
DB5,connect,2025-02-18 20:55:09.089,81,0
DB5,select,2025-02-18 20:55:09.095,6,81
DB5,insert,2025-02-18 20:55:09.102,7,6
DB5,update,2025-02-18 20:55:09.108,6,7
DB5,delete,2025-02-18 20:55:09.114,6,6
DB5,commit,2025-02-18 20:55:09.120,6,6
DB4,connect,2025-02-18 20:55:09.133,81,0
DB6,connect,2025-02-18 20:55:09.138,77,0
DB4,select,2025-02-18 20:55:09.138,5,81
DB4,insert,2025-02-18 20:55:09.145,7,5
DB6,select,2025-02-18 20:55:09.145,7,77
DB4,update,2025-02-18 20:55:09.151,6,7
DB6,insert,2025-02-18 20:55:09.151,6,7
DB4,delete,2025-02-18 20:55:09.157,6,6
DB6,update,2025-02-18 20:55:09.157,6,6
DB6,delete,2025-02-18 20:55:09.164,7,6
DB4,commit,2025-02-18 20:55:09.164,7,6
DB6,commit,2025-02-18 20:55:09.169,5,7
DB5,connect,2025-02-18 20:55:09.309,83,0
DB5,select,2025-02-18 20:55:09.314,5,83
DB5,insert,2025-02-18 20:55:09.321,7,5
DB5,update,2025-02-18 20:55:09.327,6,7
DB5,delete,2025-02-18 20:55:09.333,6,6
DB5,commit,2025-02-18 20:55:09.340,7,6
DB6,connect,2025-02-18 20:55:09.457,81,0
DB6,select,2025-02-18 20:55:09.463,5,82
DB6,insert,2025-02-18 20:55:09.470,7,5
DB6,update,2025-02-18 20:55:09.475,5,7
DB6,delete,2025-02-18 20:55:09.482,7,5
DB6,commit,2025-02-18 20:55:09.488,6,7
DB3,connect,2025-02-18 20:55:09.513,80,0
DB3,select,2025-02-18 20:55:09.520,7,80
DB5,connect,2025-02-18 20:55:09.522,75,0
DB3,insert,2025-02-18 20:55:09.525,5,7
DB5,select,2025-02-18 20:55:09.529,7,75
DB3,update,2025-02-18 20:55:09.532,7,5
DB5,insert,2025-02-18 20:55:09.535,6,7
DB3,delete,2025-02-18 20:55:09.538,6,7
DB5,update,2025-02-18 20:55:09.541,6,6
DB3,commit,2025-02-18 20:55:09.545,7,6
DB5,delete,2025-02-18 20:55:09.548,7,6
DB5,commit,2025-02-18 20:55:09.554,6,7
DB1,connect,2025-02-18 20:55:09.610,80,0
DB1,select,2025-02-18 20:55:09.617,6,81
DB1,insert,2025-02-18 20:55:09.623,6,6
DB1,update,2025-02-18 20:55:09.629,6,6
DB1,delete,2025-02-18 20:55:09.635,6,6
DB1,commit,2025-02-18 20:55:09.642,7,6
DB5,connect,2025-02-18 20:55:09.738,78,0
DB5,select,2025-02-18 20:55:09.746,8,78
DB5,insert,2025-02-18 20:55:09.752,6,8
DB5,update,2025-02-18 20:55:09.758,6,6
DB5,delete,2025-02-18 20:55:09.764,6,6
DB5,commit,2025-02-18 20:55:09.771,7,6
DB6,connect,2025-02-18 20:55:09.774,80,0
DB6,select,2025-02-18 20:55:09.780,6,80
DB6,insert,2025-02-18 20:55:09.786,6,6
DB6,update,2025-02-18 20:55:09.792,6,6
DB6,delete,2025-02-18 20:55:09.798,6,6
DB6,commit,2025-02-18 20:55:09.805,7,6
DB5,connect,2025-02-18 20:55:09.955,78,0
DB5,select,2025-02-18 20:55:09.961,6,78
DB5,insert,2025-02-18 20:55:09.968,7,6
DB5,update,2025-02-18 20:55:09.974,6,7
DB5,delete,2025-02-18 20:55:09.980,6,6
DB5,commit,2025-02-18 20:55:09.992,12,6
DB6,connect,2025-02-18 20:55:10.089,78,0
DB6,select,2025-02-18 20:55:10.095,6,78
DB6,insert,2025-02-18 20:55:10.102,7,6
DB6,update,2025-02-18 20:55:10.107,5,7
DB6,delete,2025-02-18 20:55:10.114,7,5
DB6,commit,2025-02-18 20:55:10.120,6,7
DB5,connect,2025-02-18 20:55:10.180,81,0
DB5,select,2025-02-18 20:55:10.187,7,81
DB5,insert,2025-02-18 20:55:10.193,6,7
DB5,update,2025-02-18 20:55:10.199,6,6
DB5,delete,2025-02-18 20:55:10.206,7,6
DB5,commit,2025-02-18 20:55:10.211,5,7
DB4,connect,2025-02-18 20:55:10.246,76,0
DB4,select,2025-02-18 20:55:10.253,6,77
DB4,insert,2025-02-18 20:55:10.259,6,6
DB4,update,2025-02-18 20:55:10.264,5,6
DB4,delete,2025-02-18 20:55:10.271,7,5
DB4,commit,2025-02-18 20:55:10.278,7,7
DB5,connect,2025-02-18 20:55:10.398,79,0
DB6,connect,2025-02-18 20:55:10.404,77,0
DB5,select,2025-02-18 20:55:10.404,6,79
DB5,insert,2025-02-18 20:55:10.410,6,6
DB6,select,2025-02-18 20:55:10.410,6,77
DB5,update,2025-02-18 20:55:10.416,6,6
DB6,insert,2025-02-18 20:55:10.416,6,6
DB5,delete,2025-02-18 20:55:10.423,7,6
DB6,update,2025-02-18 20:55:10.423,7,6
DB6,delete,2025-02-18 20:55:10.429,6,7
DB5,commit,2025-02-18 20:55:10.429,6,7
DB6,commit,2025-02-18 20:55:10.435,6,6
DB5,connect,2025-02-18 20:55:10.617,82,0
DB5,select,2025-02-18 20:55:10.622,5,82
DB5,insert,2025-02-18 20:55:10.629,7,5
DB5,update,2025-02-18 20:55:10.635,6,7
DB5,delete,2025-02-18 20:55:10.642,7,6
DB5,commit,2025-02-18 20:55:10.648,6,7
DB1,connect,2025-02-18 20:55:10.732,83,0
DB6,connect,2025-02-18 20:55:10.736,94,0
DB1,select,2025-02-18 20:55:10.739,6,84
DB6,select,2025-02-18 20:55:10.742,6,94
DB1,insert,2025-02-18 20:55:10.745,6,6
DB6,insert,2025-02-18 20:55:10.749,7,6
DB1,update,2025-02-18 20:55:10.751,6,6
DB6,update,2025-02-18 20:55:10.755,6,7
DB1,delete,2025-02-18 20:55:10.758,7,6
DB6,delete,2025-02-18 20:55:10.761,6,6
DB1,commit,2025-02-18 20:55:10.765,7,7
DB6,commit,2025-02-18 20:55:10.768,7,6
DB5,connect,2025-02-18 20:55:10.839,83,0
DB5,select,2025-02-18 20:55:10.846,7,83
DB5,insert,2025-02-18 20:55:10.852,6,7
DB5,update,2025-02-18 20:55:10.858,6,6
DB5,delete,2025-02-18 20:55:10.864,6,6
DB5,commit,2025-02-18 20:55:10.871,7,6
DB6,connect,2025-02-18 20:55:11.068,93,0
DB6,select,2025-02-18 20:55:11.073,5,93
DB6,insert,2025-02-18 20:55:11.080,6,6
DB6,update,2025-02-18 20:55:11.087,7,6
DB6,delete,2025-02-18 20:55:11.093,6,7
DB6,commit,2025-02-18 20:55:11.099,6,6
DB4,connect,2025-02-18 20:55:11.364,80,0
DB4,select,2025-02-18 20:55:11.371,7,80
DB4,insert,2025-02-18 20:55:11.376,5,7
DB4,update,2025-02-18 20:55:11.384,8,5
DB6,connect,2025-02-18 20:55:11.384,78,0
DB4,delete,2025-02-18 20:55:11.390,6,8
DB6,select,2025-02-18 20:55:11.390,6,78
DB4,commit,2025-02-18 20:55:11.396,6,6
DB6,insert,2025-02-18 20:55:11.396,6,6
DB6,update,2025-02-18 20:55:11.402,6,6
DB6,delete,2025-02-18 20:55:11.409,7,6
DB6,commit,2025-02-18 20:55:11.416,7,7
DB5,connect,2025-02-18 20:55:11.558,580,0
DB5,select,2025-02-18 20:55:11.564,6,580
DB5,insert,2025-02-18 20:55:11.571,7,6
DB5,update,2025-02-18 20:55:11.578,7,7
DB5,delete,2025-02-18 20:55:11.584,6,7
DB5,commit,2025-02-18 20:55:11.590,6,6
DB3,connect,2025-02-18 20:55:11.632,81,0
DB3,select,2025-02-18 20:55:11.638,6,81
DB3,insert,2025-02-18 20:55:11.644,6,6
DB3,update,2025-02-18 20:55:11.652,8,6
DB3,delete,2025-02-18 20:55:11.658,6,8
DB3,commit,2025-02-18 20:55:11.664,6,6
DB6,connect,2025-02-18 20:55:11.703,80,0
DB6,select,2025-02-18 20:55:11.709,6,80
DB6,insert,2025-02-18 20:55:11.715,6,6
DB6,update,2025-02-18 20:55:11.722,7,6
DB6,delete,2025-02-18 20:55:11.728,5,8
DB6,commit,2025-02-18 20:55:11.735,7,5
DB5,connect,2025-02-18 20:55:11.778,81,0
DB5,select,2025-02-18 20:55:11.784,6,81
DB5,insert,2025-02-18 20:55:11.791,7,6
DB5,update,2025-02-18 20:55:11.797,6,7
DB5,delete,2025-02-18 20:55:11.803,6,6
DB5,commit,2025-02-18 20:55:11.809,6,6
DB1,connect,2025-02-18 20:55:11.850,78,0
DB1,select,2025-02-18 20:55:11.857,7,78
DB1,insert,2025-02-18 20:55:11.863,6,7
DB1,update,2025-02-18 20:55:11.870,7,6
DB1,delete,2025-02-18 20:55:11.876,6,7
DB1,commit,2025-02-18 20:55:11.881,5,6
DB5,connect,2025-02-18 20:55:11.996,79,0
DB5,select,2025-02-18 20:55:12.003,7,79
DB5,insert,2025-02-18 20:55:12.009,6,7
DB5,update,2025-02-18 20:55:12.015,6,6
DB5,delete,2025-02-18 20:55:12.022,7,6
DB6,connect,2025-02-18 20:55:12.029,87,0
DB5,commit,2025-02-18 20:55:12.029,7,7
DB6,select,2025-02-18 20:55:12.036,7,87
DB6,insert,2025-02-18 20:55:12.043,7,7
DB6,update,2025-02-18 20:55:12.049,6,7
DB6,delete,2025-02-18 20:55:12.055,6,6
DB6,commit,2025-02-18 20:55:12.063,8,6
DB5,connect,2025-02-18 20:55:12.217,80,0
DB5,select,2025-02-18 20:55:12.224,7,80
DB5,insert,2025-02-18 20:55:12.230,6,7
DB5,update,2025-02-18 20:55:12.236,6,6
DB5,delete,2025-02-18 20:55:12.242,6,6
DB5,commit,2025-02-18 20:55:12.248,6,6
DB6,connect,2025-02-18 20:55:12.352,82,0
DB6,select,2025-02-18 20:55:12.359,7,82
DB6,insert,2025-02-18 20:55:12.365,6,7
DB6,update,2025-02-18 20:55:12.371,6,6
DB6,delete,2025-02-18 20:55:12.377,6,6
DB6,commit,2025-02-18 20:55:12.384,7,6
DB5,connect,2025-02-18 20:55:12.435,80,0
DB5,select,2025-02-18 20:55:12.441,5,81
DB5,insert,2025-02-18 20:55:12.448,7,5
DB5,update,2025-02-18 20:55:12.454,6,7
DB5,delete,2025-02-18 20:55:12.461,7,6
DB5,commit,2025-02-18 20:55:12.467,6,7
DB4,connect,2025-02-18 20:55:12.482,79,0
DB4,select,2025-02-18 20:55:12.489,6,80
DB4,insert,2025-02-18 20:55:12.496,7,6
DB4,update,2025-02-18 20:55:12.502,6,7
DB4,delete,2025-02-18 20:55:12.508,6,6
DB4,commit,2025-02-18 20:55:12.514,6,6
DB5,connect,2025-02-18 20:55:12.654,81,0
DB5,select,2025-02-18 20:55:12.660,6,81
DB5,insert,2025-02-18 20:55:12.667,7,6
DB6,connect,2025-02-18 20:55:12.674,83,0
DB5,update,2025-02-18 20:55:12.674,7,7
DB5,delete,2025-02-18 20:55:12.680,6,7
DB6,select,2025-02-18 20:55:12.680,6,83
DB5,commit,2025-02-18 20:55:12.686,6,6
DB6,insert,2025-02-18 20:55:12.686,6,6
DB6,update,2025-02-18 20:55:12.692,6,6
DB6,delete,2025-02-18 20:55:12.699,7,6
DB6,commit,2025-02-18 20:55:12.706,7,7
DB5,connect,2025-02-18 20:55:12.877,84,0
DB5,select,2025-02-18 20:55:12.883,5,85
DB5,insert,2025-02-18 20:55:12.890,7,5
DB5,update,2025-02-18 20:55:12.896,6,7
DB5,delete,2025-02-18 20:55:12.903,7,6
DB5,commit,2025-02-18 20:55:12.908,5,7
DB1,connect,2025-02-18 20:55:12.969,80,0
DB1,select,2025-02-18 20:55:12.976,7,80
DB1,insert,2025-02-18 20:55:12.983,7,7
DB1,update,2025-02-18 20:55:12.989,6,7
DB6,connect,2025-02-18 20:55:12.992,79,0
DB1,delete,2025-02-18 20:55:12.995,6,6
DB6,select,2025-02-18 20:55:12.998,6,79
DB1,commit,2025-02-18 20:55:13.001,6,6
DB6,insert,2025-02-18 20:55:13.004,6,6
DB6,update,2025-02-18 20:55:13.011,7,6
DB6,delete,2025-02-18 20:55:13.018,7,7
DB6,commit,2025-02-18 20:55:13.024,6,7
DB5,connect,2025-02-18 20:55:13.100,84,0
DB5,select,2025-02-18 20:55:13.106,6,84
DB5,insert,2025-02-18 20:55:13.113,7,6
DB5,update,2025-02-18 20:55:13.119,6,7
DB5,delete,2025-02-18 20:55:13.125,6,6
DB5,commit,2025-02-18 20:55:13.131,6,6
DB6,connect,2025-02-18 20:55:13.311,80,0
DB5,connect,2025-02-18 20:55:13.318,80,0
DB6,select,2025-02-18 20:55:13.318,7,80
DB6,insert,2025-02-18 20:55:13.325,7,7
DB5,select,2025-02-18 20:55:13.325,7,80
DB5,insert,2025-02-18 20:55:13.331,6,7
DB6,update,2025-02-18 20:55:13.331,6,7
DB6,delete,2025-02-18 20:55:13.337,6,6
DB5,update,2025-02-18 20:55:13.337,6,6
DB6,commit,2025-02-18 20:55:13.344,7,6
DB5,delete,2025-02-18 20:55:13.344,7,6
DB5,commit,2025-02-18 20:55:13.350,6,7
DB5,connect,2025-02-18 20:55:13.540,83,0
DB5,select,2025-02-18 20:55:13.546,6,83
DB5,insert,2025-02-18 20:55:13.552,6,6
DB5,update,2025-02-18 20:55:13.559,7,6
DB5,delete,2025-02-18 20:55:13.566,7,7
DB5,commit,2025-02-18 20:55:13.572,6,7
DB4,connect,2025-02-18 20:55:13.607,85,0
DB4,select,2025-02-18 20:55:13.613,6,85
DB4,insert,2025-02-18 20:55:13.620,7,6
DB4,update,2025-02-18 20:55:13.626,6,7
DB4,delete,2025-02-18 20:55:13.632,6,6
DB6,connect,2025-02-18 20:55:13.636,85,0
DB4,commit,2025-02-18 20:55:13.639,7,6
DB6,select,2025-02-18 20:55:13.643,7,85
DB6,insert,2025-02-18 20:55:13.649,6,7
DB6,update,2025-02-18 20:55:13.655,6,6
DB6,delete,2025-02-18 20:55:13.661,6,6
DB6,commit,2025-02-18 20:55:13.668,7,6
DB3,connect,2025-02-18 20:55:13.752,81,0
DB3,select,2025-02-18 20:55:13.758,6,81
DB3,insert,2025-02-18 20:55:13.764,6,6
DB5,connect,2025-02-18 20:55:13.764,86,0
DB3,update,2025-02-18 20:55:13.771,7,6
DB5,select,2025-02-18 20:55:13.771,7,86
DB3,delete,2025-02-18 20:55:13.776,5,7
DB5,insert,2025-02-18 20:55:13.776,4,8
DB5,update,2025-02-18 20:55:13.784,6,6
DB3,commit,2025-02-18 20:55:13.784,8,5
DB5,delete,2025-02-18 20:55:13.790,6,6
DB5,commit,2025-02-18 20:55:13.797,7,6
DB6,connect,2025-02-18 20:55:13.957,83,0
DB6,select,2025-02-18 20:55:13.963,6,83
DB6,insert,2025-02-18 20:55:13.969,6,6
DB6,update,2025-02-18 20:55:13.975,6,6
DB6,delete,2025-02-18 20:55:13.982,7,6
DB5,connect,2025-02-18 20:55:13.986,82,0
DB6,commit,2025-02-18 20:55:13.989,7,7
DB5,select,2025-02-18 20:55:13.993,7,82
DB5,insert,2025-02-18 20:55:13.999,6,7
DB5,update,2025-02-18 20:55:14.005,6,6
DB5,delete,2025-02-18 20:55:14.012,7,6
DB5,commit,2025-02-18 20:55:14.019,7,7
DB1,connect,2025-02-18 20:55:14.101,93,0
DB1,select,2025-02-18 20:55:14.107,6,93
DB1,insert,2025-02-18 20:55:14.114,6,7
DB1,update,2025-02-18 20:55:14.121,7,6
DB1,delete,2025-02-18 20:55:14.127,6,7
DB1,commit,2025-02-18 20:55:14.134,7,6
DB5,connect,2025-02-18 20:55:14.208,83,0
DB5,select,2025-02-18 20:55:14.215,7,83
DB5,insert,2025-02-18 20:55:14.220,5,7
DB5,update,2025-02-18 20:55:14.227,7,5
DB5,delete,2025-02-18 20:55:14.233,6,7
DB5,commit,2025-02-18 20:55:14.240,7,6
DB6,connect,2025-02-18 20:55:14.279,84,0
DB6,select,2025-02-18 20:55:14.286,7,84
DB6,insert,2025-02-18 20:55:14.293,7,7
DB6,update,2025-02-18 20:55:14.299,6,7
DB6,delete,2025-02-18 20:55:14.305,6,6
DB6,commit,2025-02-18 20:55:14.311,6,6
DB5,connect,2025-02-18 20:55:14.434,87,0
DB5,select,2025-02-18 20:55:14.440,6,87
DB5,insert,2025-02-18 20:55:14.447,7,6
DB5,update,2025-02-18 20:55:14.453,6,7
DB5,delete,2025-02-18 20:55:14.460,7,6
DB5,commit,2025-02-18 20:55:14.467,7,7
DB6,connect,2025-02-18 20:55:14.601,82,0
DB6,select,2025-02-18 20:55:14.608,7,82
DB6,insert,2025-02-18 20:55:14.615,7,7
DB6,update,2025-02-18 20:55:14.622,7,7
DB6,delete,2025-02-18 20:55:14.629,7,7
DB6,commit,2025-02-18 20:55:14.635,6,7
DB5,connect,2025-02-18 20:55:14.655,82,0
DB5,select,2025-02-18 20:55:14.662,6,83
DB5,insert,2025-02-18 20:55:14.669,7,6
DB5,update,2025-02-18 20:55:14.675,6,7
DB5,delete,2025-02-18 20:55:14.682,7,6
DB5,commit,2025-02-18 20:55:14.688,6,7
DB4,connect,2025-02-18 20:55:14.725,80,0
DB4,select,2025-02-18 20:55:14.733,8,80
DB4,insert,2025-02-18 20:55:14.739,6,8
DB4,update,2025-02-18 20:55:14.745,6,6
DB4,delete,2025-02-18 20:55:14.751,6,6
DB4,commit,2025-02-18 20:55:14.758,7,6
DB5,connect,2025-02-18 20:55:14.880,86,0
DB5,select,2025-02-18 20:55:14.887,6,87
DB5,insert,2025-02-18 20:55:14.894,7,6
DB5,update,2025-02-18 20:55:14.900,6,7
DB5,delete,2025-02-18 20:55:14.906,6,6
DB5,commit,2025-02-18 20:55:14.913,7,6
DB6,connect,2025-02-18 20:55:14.929,87,0
DB6,select,2025-02-18 20:55:14.936,6,88
DB6,insert,2025-02-18 20:55:14.942,6,6
DB6,update,2025-02-18 20:55:14.948,6,6
DB6,delete,2025-02-18 20:55:14.955,7,6
DB6,commit,2025-02-18 20:55:14.962,7,7
DB5,connect,2025-02-18 20:55:15.101,82,0
DB5,select,2025-02-18 20:55:15.107,6,82
DB5,insert,2025-02-18 20:55:15.114,6,7
DB5,update,2025-02-18 20:55:15.120,6,6
DB5,delete,2025-02-18 20:55:15.127,7,6
DB5,commit,2025-02-18 20:55:15.134,7,7
DB1,connect,2025-02-18 20:55:15.222,80,0
DB1,select,2025-02-18 20:55:15.228,6,80
DB1,insert,2025-02-18 20:55:15.235,7,6
DB1,update,2025-02-18 20:55:15.241,6,7
DB6,connect,2025-02-18 20:55:15.248,79,0
DB1,delete,2025-02-18 20:55:15.248,7,6
DB1,commit,2025-02-18 20:55:15.254,6,7
DB6,select,2025-02-18 20:55:15.254,6,79
DB6,insert,2025-02-18 20:55:15.261,7,6
DB6,update,2025-02-18 20:55:15.268,7,7
DB6,delete,2025-02-18 20:55:15.274,6,7
DB6,commit,2025-02-18 20:55:15.280,6,6
DB5,connect,2025-02-18 20:55:15.326,85,0
DB5,select,2025-02-18 20:55:15.333,7,85
DB5,insert,2025-02-18 20:55:15.340,7,7
DB5,update,2025-02-18 20:55:15.346,6,7
DB5,delete,2025-02-18 20:55:15.353,7,6
DB5,commit,2025-02-18 20:55:15.359,6,7
DB5,connect,2025-02-18 20:55:15.548,82,0
DB5,select,2025-02-18 20:55:15.555,5,83
DB5,insert,2025-02-18 20:55:15.561,6,6
DB6,connect,2025-02-18 20:55:15.564,76,0
DB5,update,2025-02-18 20:55:15.567,6,6
DB6,select,2025-02-18 20:55:15.570,6,76
DB5,delete,2025-02-18 20:55:15.574,7,6
DB6,insert,2025-02-18 20:55:15.577,7,6
DB5,commit,2025-02-18 20:55:15.580,6,7
DB6,update,2025-02-18 20:55:15.584,7,7
DB6,delete,2025-02-18 20:55:15.590,6,7
DB6,commit,2025-02-18 20:55:15.596,6,6
DB5,connect,2025-02-18 20:55:15.769,82,0
DB5,select,2025-02-18 20:55:15.776,7,82
DB5,insert,2025-02-18 20:55:15.783,7,7
DB5,update,2025-02-18 20:55:15.790,7,7
DB5,delete,2025-02-18 20:55:15.797,7,7
DB5,commit,2025-02-18 20:55:15.803,6,7
DB4,connect,2025-02-18 20:55:15.850,85,0
DB4,select,2025-02-18 20:55:15.857,7,85
DB4,insert,2025-02-18 20:55:15.863,6,7
DB4,update,2025-02-18 20:55:15.870,7,6
DB4,delete,2025-02-18 20:55:15.876,6,7
DB4,commit,2025-02-18 20:55:15.883,7,6
DB3,connect,2025-02-18 20:55:15.883,92,0
DB6,connect,2025-02-18 20:55:15.886,83,0
DB3,select,2025-02-18 20:55:15.889,6,92
DB6,select,2025-02-18 20:55:15.893,7,83
DB3,insert,2025-02-18 20:55:15.897,8,6
DB6,insert,2025-02-18 20:55:15.900,7,7
DB3,update,2025-02-18 20:55:15.903,6,8
DB6,update,2025-02-18 20:55:15.906,6,7
DB3,delete,2025-02-18 20:55:15.910,7,6
DB6,delete,2025-02-18 20:55:15.913,7,6
DB3,commit,2025-02-18 20:55:15.916,6,7
DB6,commit,2025-02-18 20:55:15.920,7,7
DB5,connect,2025-02-18 20:55:15.994,82,0
DB5,select,2025-02-18 20:55:16.000,6,82
DB5,insert,2025-02-18 20:55:16.007,6,7
DB5,update,2025-02-18 20:55:16.013,6,6
DB5,delete,2025-02-18 20:55:16.019,6,6
DB5,commit,2025-02-18 20:55:16.026,7,6
DB6,connect,2025-02-18 20:55:16.217,89,0
DB5,connect,2025-02-18 20:55:16.217,84,0
DB6,select,2025-02-18 20:55:16.223,6,89
DB5,select,2025-02-18 20:55:16.223,6,84
DB6,insert,2025-02-18 20:55:16.229,6,6
DB5,insert,2025-02-18 20:55:16.229,6,6
DB5,update,2025-02-18 20:55:16.237,8,6
DB6,update,2025-02-18 20:55:16.237,8,6
DB5,delete,2025-02-18 20:55:16.243,6,8
DB6,delete,2025-02-18 20:55:16.243,6,8
DB6,commit,2025-02-18 20:55:16.250,7,6
DB5,commit,2025-02-18 20:55:16.250,7,6
DB1,connect,2025-02-18 20:55:16.344,82,0
DB1,select,2025-02-18 20:55:16.350,6,82
DB1,insert,2025-02-18 20:55:16.356,6,6
DB1,update,2025-02-18 20:55:16.363,7,6
DB1,delete,2025-02-18 20:55:16.369,6,7
DB1,commit,2025-02-18 20:55:16.376,7,6
DB5,connect,2025-02-18 20:55:16.441,85,0
DB5,select,2025-02-18 20:55:16.448,7,85
DB5,insert,2025-02-18 20:55:16.454,6,7
DB5,update,2025-02-18 20:55:16.461,7,6
DB5,delete,2025-02-18 20:55:16.467,6,7
DB5,commit,2025-02-18 20:55:16.474,7,6
DB6,connect,2025-02-18 20:55:16.544,87,0
DB6,select,2025-02-18 20:55:16.551,7,87
DB6,insert,2025-02-18 20:55:16.557,6,7
DB6,update,2025-02-18 20:55:16.564,6,7
DB6,delete,2025-02-18 20:55:16.570,6,6
DB6,commit,2025-02-18 20:55:16.577,7,6
DB5,connect,2025-02-18 20:55:16.663,82,0
DB5,select,2025-02-18 20:55:16.669,6,82
DB5,insert,2025-02-18 20:55:16.675,6,6
DB5,update,2025-02-18 20:55:16.682,7,6
DB5,delete,2025-02-18 20:55:16.689,7,7
DB5,commit,2025-02-18 20:55:16.695,6,7
DB6,connect,2025-02-18 20:55:16.869,85,0
DB6,select,2025-02-18 20:55:16.875,6,85
DB6,insert,2025-02-18 20:55:16.882,7,6
DB5,connect,2025-02-18 20:55:16.886,83,0
DB6,update,2025-02-18 20:55:16.889,7,7
DB5,select,2025-02-18 20:55:16.892,6,83
DB6,delete,2025-02-18 20:55:16.896,7,7
DB5,insert,2025-02-18 20:55:16.899,7,6
DB6,commit,2025-02-18 20:55:16.902,6,7
DB5,update,2025-02-18 20:55:16.907,8,7
DB5,delete,2025-02-18 20:55:16.914,7,8
DB5,commit,2025-02-18 20:55:16.921,7,7
DB4,connect,2025-02-18 20:55:16.990,100,0
DB4,select,2025-02-18 20:55:16.997,6,101
DB4,insert,2025-02-18 20:55:17.004,7,6
DB4,update,2025-02-18 20:55:17.010,6,7
DB4,delete,2025-02-18 20:55:17.017,7,6
DB4,commit,2025-02-18 20:55:17.023,6,7
DB5,connect,2025-02-18 20:55:17.110,81,0
DB5,select,2025-02-18 20:55:17.117,7,81
DB5,insert,2025-02-18 20:55:17.124,7,7
DB5,update,2025-02-18 20:55:17.131,7,7
DB5,delete,2025-02-18 20:55:17.137,6,7
DB5,commit,2025-02-18 20:55:17.144,7,6
DB6,connect,2025-02-18 20:55:17.194,83,0
DB6,select,2025-02-18 20:55:17.200,6,83
DB6,insert,2025-02-18 20:55:17.211,11,6
DB6,update,2025-02-18 20:55:17.218,7,11
DB6,delete,2025-02-18 20:55:17.224,6,7
DB6,commit,2025-02-18 20:55:17.231,7,6
DB5,connect,2025-02-18 20:55:17.339,88,0
DB5,select,2025-02-18 20:55:17.345,6,88
DB5,insert,2025-02-18 20:55:17.352,7,6
DB5,update,2025-02-18 20:55:17.358,6,7
DB5,delete,2025-02-18 20:55:17.365,7,6
DB5,commit,2025-02-18 20:55:17.371,6,7
DB1,connect,2025-02-18 20:55:17.465,82,0
DB1,select,2025-02-18 20:55:17.472,7,82
DB1,insert,2025-02-18 20:55:17.480,8,7
DB1,update,2025-02-18 20:55:17.486,6,8
DB1,delete,2025-02-18 20:55:17.493,7,6
DB1,commit,2025-02-18 20:55:17.499,6,7
DB6,connect,2025-02-18 20:55:17.522,84,0
DB6,select,2025-02-18 20:55:17.528,6,84
DB6,insert,2025-02-18 20:55:17.535,7,6
DB6,update,2025-02-18 20:55:17.542,7,7
DB6,delete,2025-02-18 20:55:17.548,6,7
DB6,commit,2025-02-18 20:55:17.555,6,7
DB5,connect,2025-02-18 20:55:17.562,84,0
DB5,select,2025-02-18 20:55:17.568,6,84
DB5,insert,2025-02-18 20:55:17.576,8,6
DB5,update,2025-02-18 20:55:17.582,6,8
DB5,delete,2025-02-18 20:55:17.589,7,6
DB5,commit,2025-02-18 20:55:17.596,7,7
DB5,connect,2025-02-18 20:55:17.788,85,0
DB5,select,2025-02-18 20:55:17.794,6,85
DB5,insert,2025-02-18 20:55:17.801,7,6
DB5,update,2025-02-18 20:55:17.808,7,7
DB5,delete,2025-02-18 20:55:17.815,7,7
DB5,commit,2025-02-18 20:55:17.821,6,7
DB6,connect,2025-02-18 20:55:17.846,84,0
DB6,select,2025-02-18 20:55:17.852,6,84
DB6,insert,2025-02-18 20:55:17.858,6,6
DB6,update,2025-02-18 20:55:17.865,7,6
DB6,delete,2025-02-18 20:55:17.872,7,7
DB6,commit,2025-02-18 20:55:17.879,7,7
DB3,connect,2025-02-18 20:55:18.010,86,0
DB5,connect,2025-02-18 20:55:18.014,85,0
DB3,select,2025-02-18 20:55:18.018,8,86
DB5,select,2025-02-18 20:55:18.021,7,85
DB3,insert,2025-02-18 20:55:18.024,6,8
DB5,insert,2025-02-18 20:55:18.027,6,7
DB3,update,2025-02-18 20:55:18.031,7,6
DB5,update,2025-02-18 20:55:18.034,7,6
DB3,delete,2025-02-18 20:55:18.037,6,7
DB5,delete,2025-02-18 20:55:18.040,6,7
DB3,commit,2025-02-18 20:55:18.044,7,6
DB5,commit,2025-02-18 20:55:18.048,8,6
DB4,connect,2025-02-18 20:55:18.118,88,0
DB4,select,2025-02-18 20:55:18.125,7,88
DB4,insert,2025-02-18 20:55:18.131,6,7
DB4,update,2025-02-18 20:55:18.138,7,6
DB4,delete,2025-02-18 20:55:18.144,6,7
DB4,commit,2025-02-18 20:55:18.152,8,6
DB6,connect,2025-02-18 20:55:18.168,82,0
DB6,select,2025-02-18 20:55:18.175,7,82
DB6,insert,2025-02-18 20:55:18.182,7,7
DB6,update,2025-02-18 20:55:18.188,6,7
DB6,delete,2025-02-18 20:55:18.195,7,6
DB6,commit,2025-02-18 20:55:18.201,6,7
DB5,connect,2025-02-18 20:55:18.241,86,0
DB5,select,2025-02-18 20:55:18.248,7,86
DB5,insert,2025-02-18 20:55:18.255,7,7
DB5,update,2025-02-18 20:55:18.261,6,7
DB5,delete,2025-02-18 20:55:18.268,7,6
DB5,commit,2025-02-18 20:55:18.274,6,7
DB5,connect,2025-02-18 20:55:18.465,84,0
DB5,select,2025-02-18 20:55:18.471,6,84
DB5,insert,2025-02-18 20:55:18.478,6,7
DB5,update,2025-02-18 20:55:18.484,6,6
DB5,delete,2025-02-18 20:55:18.492,8,6
DB6,connect,2025-02-18 20:55:18.494,85,0
DB5,commit,2025-02-18 20:55:18.498,6,8
DB6,select,2025-02-18 20:55:18.501,7,85
DB6,insert,2025-02-18 20:55:18.508,7,7
DB6,update,2025-02-18 20:55:18.515,7,7
DB6,delete,2025-02-18 20:55:18.521,6,7
DB6,commit,2025-02-18 20:55:18.528,7,6
DB1,connect,2025-02-18 20:55:18.588,82,0
DB1,select,2025-02-18 20:55:18.595,7,82
DB1,insert,2025-02-18 20:55:18.602,7,7
DB1,update,2025-02-18 20:55:18.609,7,7
DB1,delete,2025-02-18 20:55:18.616,7,7
DB1,commit,2025-02-18 20:55:18.623,7,7
DB5,connect,2025-02-18 20:55:18.687,82,0
DB5,select,2025-02-18 20:55:18.694,7,82
DB5,insert,2025-02-18 20:55:18.701,7,7
DB5,update,2025-02-18 20:55:18.707,6,7
DB5,delete,2025-02-18 20:55:18.713,6,6
DB5,commit,2025-02-18 20:55:18.721,8,6
DB6,connect,2025-02-18 20:55:18.823,88,0
DB6,select,2025-02-18 20:55:18.831,8,88
DB6,insert,2025-02-18 20:55:18.838,7,8
DB6,update,2025-02-18 20:55:18.844,6,7
DB6,delete,2025-02-18 20:55:18.851,7,6
DB6,commit,2025-02-18 20:55:18.858,7,7
DB5,connect,2025-02-18 20:55:18.912,84,0
DB5,select,2025-02-18 20:55:18.918,6,84
DB5,insert,2025-02-18 20:55:18.926,8,6
DB5,update,2025-02-18 20:55:18.932,6,8
DB5,delete,2025-02-18 20:55:18.939,7,6
DB5,commit,2025-02-18 20:55:18.945,6,7
DB6,connect,2025-02-18 20:55:19.151,86,0
DB6,select,2025-02-18 20:55:19.158,7,86
DB6,insert,2025-02-18 20:55:19.165,7,7
DB6,update,2025-02-18 20:55:19.171,6,7
DB6,delete,2025-02-18 20:55:19.177,6,6
DB6,commit,2025-02-18 20:55:19.184,6,7
DB4,connect,2025-02-18 20:55:19.242,83,0
DB4,select,2025-02-18 20:55:19.250,8,83
DB4,insert,2025-02-18 20:55:19.256,6,8
DB4,update,2025-02-18 20:55:19.263,6,7
DB4,delete,2025-02-18 20:55:19.269,6,6
DB4,commit,2025-02-18 20:55:19.276,7,6
DB6,connect,2025-02-18 20:55:19.476,84,0
DB6,select,2025-02-18 20:55:19.483,7,84
DB6,insert,2025-02-18 20:55:19.490,7,7
DB6,update,2025-02-18 20:55:19.497,7,7
DB6,delete,2025-02-18 20:55:19.503,6,7
DB6,commit,2025-02-18 20:55:19.510,7,6
DB1,connect,2025-02-18 20:55:19.715,84,0
DB1,select,2025-02-18 20:55:19.722,7,84
DB1,insert,2025-02-18 20:55:19.728,6,7
DB1,update,2025-02-18 20:55:19.736,8,6
DB1,delete,2025-02-18 20:55:19.743,7,8
DB1,commit,2025-02-18 20:55:19.749,6,7
DB6,connect,2025-02-18 20:55:19.801,85,0
DB6,select,2025-02-18 20:55:19.807,6,85
DB6,insert,2025-02-18 20:55:19.814,7,6
DB6,update,2025-02-18 20:55:19.820,6,7
DB6,delete,2025-02-18 20:55:19.828,8,6
DB6,commit,2025-02-18 20:55:19.834,6,8
DB6,connect,2025-02-18 20:55:20.130,89,0
DB3,connect,2025-02-18 20:55:20.134,83,0
DB6,select,2025-02-18 20:55:20.137,7,89
DB3,select,2025-02-18 20:55:20.140,6,83
DB6,insert,2025-02-18 20:55:20.143,6,7
DB3,insert,2025-02-18 20:55:20.147,7,6
DB6,update,2025-02-18 20:55:20.151,8,6
DB3,update,2025-02-18 20:55:20.154,7,7
DB6,delete,2025-02-18 20:55:20.157,6,8
DB3,delete,2025-02-18 20:55:20.160,6,7
DB6,commit,2025-02-18 20:55:20.164,7,6
DB3,commit,2025-02-18 20:55:20.167,7,6
DB4,connect,2025-02-18 20:55:20.368,85,0
DB4,select,2025-02-18 20:55:20.375,7,85
DB4,insert,2025-02-18 20:55:20.381,6,7
DB4,update,2025-02-18 20:55:20.389,8,6
DB4,delete,2025-02-18 20:55:20.396,7,8
DB4,commit,2025-02-18 20:55:20.402,6,7
DB6,connect,2025-02-18 20:55:20.453,82,0
DB6,select,2025-02-18 20:55:20.461,8,82
DB6,insert,2025-02-18 20:55:20.467,6,8
DB6,update,2025-02-18 20:55:20.474,7,6
DB6,delete,2025-02-18 20:55:20.480,6,7
DB6,commit,2025-02-18 20:55:20.488,8,6
DB6,connect,2025-02-18 20:55:20.783,89,0
DB6,select,2025-02-18 20:55:20.790,7,89
DB6,insert,2025-02-18 20:55:20.797,7,7
DB6,update,2025-02-18 20:55:20.803,5,8
DB6,delete,2025-02-18 20:55:20.811,8,5
DB6,commit,2025-02-18 20:55:20.817,6,8
DB1,connect,2025-02-18 20:55:20.848,92,0
DB1,select,2025-02-18 20:55:20.855,7,92
DB1,insert,2025-02-18 20:55:20.861,6,7
DB1,update,2025-02-18 20:55:20.870,9,6
DB1,delete,2025-02-18 20:55:20.877,7,9
DB1,commit,2025-02-18 20:55:20.885,8,7
DB6,connect,2025-02-18 20:55:21.115,90,0
DB6,select,2025-02-18 20:55:21.124,8,91
DB6,insert,2025-02-18 20:55:21.131,7,8
DB6,update,2025-02-18 20:55:21.138,7,7
DB6,delete,2025-02-18 20:55:21.145,7,7
DB6,commit,2025-02-18 20:55:21.152,7,7
DB6,connect,2025-02-18 20:55:21.444,85,0
DB6,select,2025-02-18 20:55:21.451,6,86
DB6,insert,2025-02-18 20:55:21.458,7,6
DB6,update,2025-02-18 20:55:21.465,7,7
DB6,delete,2025-02-18 20:55:21.471,6,7
DB6,commit,2025-02-18 20:55:21.478,7,6
DB4,connect,2025-02-18 20:55:21.491,81,0
DB4,select,2025-02-18 20:55:21.499,8,81
DB4,insert,2025-02-18 20:55:21.505,6,8
DB4,update,2025-02-18 20:55:21.512,7,6
DB4,delete,2025-02-18 20:55:21.518,6,7
DB4,commit,2025-02-18 20:55:21.525,7,6
DB6,connect,2025-02-18 20:55:21.772,86,0
DB6,select,2025-02-18 20:55:21.778,6,86
DB6,insert,2025-02-18 20:55:21.785,7,6
DB6,update,2025-02-18 20:55:21.792,7,7
DB6,delete,2025-02-18 20:55:21.799,7,7
DB6,commit,2025-02-18 20:55:21.806,7,7
DB1,connect,2025-02-18 20:55:21.979,86,0
DB1,select,2025-02-18 20:55:21.987,8,86
DB1,insert,2025-02-18 20:55:21.993,6,8
DB1,update,2025-02-18 20:55:21.999,6,6
DB1,delete,2025-02-18 20:55:22.006,7,6
DB1,commit,2025-02-18 20:55:22.013,7,7
DB6,connect,2025-02-18 20:55:22.100,83,0
DB6,select,2025-02-18 20:55:22.107,7,83
DB6,insert,2025-02-18 20:55:22.114,7,7
DB6,update,2025-02-18 20:55:22.120,6,7
DB6,delete,2025-02-18 20:55:22.126,6,6
DB6,commit,2025-02-18 20:55:22.133,7,6
DB3,connect,2025-02-18 20:55:22.259,84,0
DB3,select,2025-02-18 20:55:22.265,6,84
DB3,insert,2025-02-18 20:55:22.273,8,6
DB3,update,2025-02-18 20:55:22.279,6,8
DB3,delete,2025-02-18 20:55:22.286,7,6
DB3,commit,2025-02-18 20:55:22.293,7,7
DB6,connect,2025-02-18 20:55:22.426,85,0
DB6,select,2025-02-18 20:55:22.432,6,85
DB6,insert,2025-02-18 20:55:22.440,8,6
DB6,update,2025-02-18 20:55:22.446,6,8
DB6,delete,2025-02-18 20:55:22.453,7,6
DB6,commit,2025-02-18 20:55:22.459,6,7
DB4,connect,2025-02-18 20:55:22.619,87,0
DB4,select,2025-02-18 20:55:22.626,7,87
DB4,insert,2025-02-18 20:55:22.633,7,7
DB4,update,2025-02-18 20:55:22.640,7,7
DB4,delete,2025-02-18 20:55:22.647,7,7
DB4,commit,2025-02-18 20:55:22.654,7,7
DB6,connect,2025-02-18 20:55:22.753,86,0
DB6,select,2025-02-18 20:55:22.760,7,86
DB6,insert,2025-02-18 20:55:22.767,7,7
DB6,update,2025-02-18 20:55:22.774,7,7
DB6,delete,2025-02-18 20:55:22.781,7,7
DB6,commit,2025-02-18 20:55:22.787,6,7
DB6,connect,2025-02-18 20:55:23.093,99,0
DB6,select,2025-02-18 20:55:23.102,9,99
DB6,insert,2025-02-18 20:55:23.108,6,9
DB6,update,2025-02-18 20:55:23.115,7,6
DB1,connect,2025-02-18 20:55:23.123,103,0
DB6,delete,2025-02-18 20:55:23.123,7,8
DB6,commit,2025-02-18 20:55:23.129,6,7
DB1,select,2025-02-18 20:55:23.129,6,103
DB1,insert,2025-02-18 20:55:23.137,8,6
DB1,update,2025-02-18 20:55:23.143,6,8
DB1,delete,2025-02-18 20:55:23.152,9,6
DB1,commit,2025-02-18 20:55:23.159,7,9
DB6,connect,2025-02-18 20:55:23.427,90,0
DB6,select,2025-02-18 20:55:23.435,8,90
DB6,insert,2025-02-18 20:55:23.442,7,8
DB6,update,2025-02-18 20:55:23.448,6,7
DB6,delete,2025-02-18 20:55:23.455,7,6
DB6,commit,2025-02-18 20:55:23.462,7,7
DB4,connect,2025-02-18 20:55:23.749,88,0
DB6,connect,2025-02-18 20:55:23.749,79,0
DB4,select,2025-02-18 20:55:23.755,6,88
DB6,select,2025-02-18 20:55:23.755,6,79
DB6,insert,2025-02-18 20:55:23.762,7,6
DB4,insert,2025-02-18 20:55:23.762,7,6
DB6,update,2025-02-18 20:55:23.769,7,7
DB4,update,2025-02-18 20:55:23.769,7,7
DB6,delete,2025-02-18 20:55:23.777,8,7
DB4,delete,2025-02-18 20:55:23.777,8,7
DB6,commit,2025-02-18 20:55:23.783,6,8
DB4,commit,2025-02-18 20:55:23.783,6,8
DB6,connect,2025-02-18 20:55:24.083,93,0
DB6,select,2025-02-18 20:55:24.089,6,93
DB6,insert,2025-02-18 20:55:24.096,7,6
DB6,update,2025-02-18 20:55:24.103,7,7
DB6,delete,2025-02-18 20:55:24.109,6,7
DB6,commit,2025-02-18 20:55:24.117,8,6
DB1,connect,2025-02-18 20:55:24.254,88,0
DB1,select,2025-02-18 20:55:24.261,7,88
DB1,insert,2025-02-18 20:55:24.268,7,7
DB1,update,2025-02-18 20:55:24.274,6,7
DB1,delete,2025-02-18 20:55:24.282,8,6
DB1,commit,2025-02-18 20:55:24.288,6,8
DB3,connect,2025-02-18 20:55:24.384,84,0
DB3,select,2025-02-18 20:55:24.391,7,84
DB3,insert,2025-02-18 20:55:24.398,7,7
DB3,update,2025-02-18 20:55:24.404,6,7
DB6,connect,2025-02-18 20:55:24.408,84,0
DB3,delete,2025-02-18 20:55:24.412,8,6
DB6,select,2025-02-18 20:55:24.415,7,84
DB3,commit,2025-02-18 20:55:24.418,6,8
DB6,insert,2025-02-18 20:55:24.421,6,7
DB6,update,2025-02-18 20:55:24.428,7,6
DB6,delete,2025-02-18 20:55:24.435,7,7
DB6,commit,2025-02-18 20:55:24.441,6,7
DB6,connect,2025-02-18 20:55:24.737,88,0
DB6,select,2025-02-18 20:55:24.743,6,88
DB6,insert,2025-02-18 20:55:24.750,7,6
DB6,update,2025-02-18 20:55:24.756,6,7
DB6,delete,2025-02-18 20:55:24.764,7,7
DB6,commit,2025-02-18 20:55:24.771,7,7
DB4,connect,2025-02-18 20:55:24.877,87,0
DB4,select,2025-02-18 20:55:24.884,7,87
DB4,insert,2025-02-18 20:55:24.890,6,7
DB4,update,2025-02-18 20:55:24.898,8,6
DB4,delete,2025-02-18 20:55:24.904,6,8
DB4,commit,2025-02-18 20:55:24.911,7,6
DB6,connect,2025-02-18 20:55:25.086,107,0
DB6,select,2025-02-18 20:55:25.094,8,107
DB6,insert,2025-02-18 20:55:25.100,6,8
DB6,update,2025-02-18 20:55:25.108,8,6
DB6,delete,2025-02-18 20:55:25.114,6,8
DB6,commit,2025-02-18 20:55:25.122,8,6
DB1,connect,2025-02-18 20:55:25.391,95,0
DB1,select,2025-02-18 20:55:25.398,7,95
DB1,insert,2025-02-18 20:55:25.404,6,7
DB1,update,2025-02-18 20:55:25.411,6,7
DB6,connect,2025-02-18 20:55:25.415,85,0
DB1,delete,2025-02-18 20:55:25.419,8,6
DB6,select,2025-02-18 20:55:25.422,6,86
DB1,commit,2025-02-18 20:55:25.425,6,8
DB6,insert,2025-02-18 20:55:25.429,7,6
DB6,update,2025-02-18 20:55:25.435,6,7
DB6,delete,2025-02-18 20:55:25.442,7,6
DB6,commit,2025-02-18 20:55:25.450,8,7
DB6,connect,2025-02-18 20:55:25.744,87,0
DB6,select,2025-02-18 20:55:25.751,7,87
DB6,insert,2025-02-18 20:55:25.758,7,7
DB6,update,2025-02-18 20:55:25.764,6,7
DB6,delete,2025-02-18 20:55:25.772,8,6
DB6,commit,2025-02-18 20:55:25.779,7,8
DB4,connect,2025-02-18 20:55:26.009,90,0
DB4,select,2025-02-18 20:55:26.016,7,90
DB4,insert,2025-02-18 20:55:26.022,6,7
DB4,update,2025-02-18 20:55:26.029,7,6
DB4,delete,2025-02-18 20:55:26.036,7,7
DB4,commit,2025-02-18 20:55:26.043,7,7
DB6,connect,2025-02-18 20:55:26.074,87,0
DB6,select,2025-02-18 20:55:26.080,6,87
DB6,insert,2025-02-18 20:55:26.088,8,6
DB6,update,2025-02-18 20:55:26.094,6,8
DB6,delete,2025-02-18 20:55:26.102,8,6
DB6,commit,2025-02-18 20:55:26.109,7,8
DB6,connect,2025-02-18 20:55:26.403,85,0
DB6,select,2025-02-18 20:55:26.410,7,85
DB6,insert,2025-02-18 20:55:26.417,7,7
DB6,update,2025-02-18 20:55:26.424,7,7
DB6,delete,2025-02-18 20:55:26.431,7,7
DB6,commit,2025-02-18 20:55:26.438,7,7
DB3,connect,2025-02-18 20:55:26.507,81,0
DB3,select,2025-02-18 20:55:26.514,7,81
DB1,connect,2025-02-18 20:55:26.518,85,0
DB3,insert,2025-02-18 20:55:26.522,8,7
DB1,select,2025-02-18 20:55:26.525,7,85
DB3,update,2025-02-18 20:55:26.528,6,8
DB1,insert,2025-02-18 20:55:26.532,7,7
DB3,delete,2025-02-18 20:55:26.535,7,6
DB1,update,2025-02-18 20:55:26.538,6,7
DB3,commit,2025-02-18 20:55:26.542,7,7
DB1,delete,2025-02-18 20:55:26.545,7,6
DB1,commit,2025-02-18 20:55:26.552,7,7
DB6,connect,2025-02-18 20:55:26.732,87,0
DB6,select,2025-02-18 20:55:26.739,7,87
DB6,insert,2025-02-18 20:55:26.745,6,7
DB6,update,2025-02-18 20:55:26.752,6,6
DB6,delete,2025-02-18 20:55:26.758,6,7
DB6,commit,2025-02-18 20:55:26.766,7,7
DB6,connect,2025-02-18 20:55:27.063,90,0
DB6,select,2025-02-18 20:55:27.069,6,90
DB6,insert,2025-02-18 20:55:27.076,7,6
DB6,update,2025-02-18 20:55:27.083,7,7
DB6,delete,2025-02-18 20:55:27.090,7,7
DB6,commit,2025-02-18 20:55:27.096,6,7
DB4,connect,2025-02-18 20:55:27.139,89,0
DB4,select,2025-02-18 20:55:27.146,7,89
DB4,insert,2025-02-18 20:55:27.154,8,7
DB4,update,2025-02-18 20:55:27.161,7,8
DB4,delete,2025-02-18 20:55:27.168,7,7
DB4,commit,2025-02-18 20:55:27.175,7,7
DB6,connect,2025-02-18 20:55:27.401,96,0
DB6,select,2025-02-18 20:55:27.408,7,96
DB6,insert,2025-02-18 20:55:27.419,11,7
DB6,update,2025-02-18 20:55:27.425,6,11
DB6,delete,2025-02-18 20:55:27.432,7,6
DB6,commit,2025-02-18 20:55:27.439,6,8
DB1,connect,2025-02-18 20:55:27.662,102,0
DB1,select,2025-02-18 20:55:27.669,7,102
DB1,insert,2025-02-18 20:55:27.677,8,7
DB1,update,2025-02-18 20:55:27.684,7,8
DB1,delete,2025-02-18 20:55:27.691,6,8
DB1,commit,2025-02-18 20:55:27.699,8,6
DB6,connect,2025-02-18 20:55:27.739,92,0
DB6,select,2025-02-18 20:55:27.747,8,92
DB6,insert,2025-02-18 20:55:27.755,8,8
DB6,update,2025-02-18 20:55:27.763,8,8
DB6,delete,2025-02-18 20:55:27.770,7,8
DB6,commit,2025-02-18 20:55:27.778,8,7
DB6,connect,2025-02-18 20:55:28.077,91,0
DB6,select,2025-02-18 20:55:28.084,7,91
DB6,insert,2025-02-18 20:55:28.091,7,7
DB6,update,2025-02-18 20:55:28.098,7,7
DB6,delete,2025-02-18 20:55:28.105,7,7
DB6,commit,2025-02-18 20:55:28.112,7,7
DB4,connect,2025-02-18 20:55:28.270,87,0
DB4,select,2025-02-18 20:55:28.277,7,87
DB4,insert,2025-02-18 20:55:28.285,8,7
DB4,update,2025-02-18 20:55:28.291,6,8
DB4,delete,2025-02-18 20:55:28.299,8,6
DB4,commit,2025-02-18 20:55:28.307,8,8
DB6,connect,2025-02-18 20:55:28.414,96,0
DB6,select,2025-02-18 20:55:28.421,7,96
DB6,insert,2025-02-18 20:55:28.431,10,7
DB6,update,2025-02-18 20:55:28.438,7,10
DB6,delete,2025-02-18 20:55:28.444,6,7
DB6,commit,2025-02-18 20:55:28.452,8,6
DB3,connect,2025-02-18 20:55:28.643,93,0
DB3,select,2025-02-18 20:55:28.650,7,93
DB3,insert,2025-02-18 20:55:28.657,7,7
DB3,update,2025-02-18 20:55:28.664,7,7
DB3,delete,2025-02-18 20:55:28.671,7,7
DB3,commit,2025-02-18 20:55:28.678,7,7
DB6,connect,2025-02-18 20:55:28.747,88,0
DB6,select,2025-02-18 20:55:28.755,7,89
DB6,insert,2025-02-18 20:55:28.761,6,7
DB6,update,2025-02-18 20:55:28.769,8,6
DB6,delete,2025-02-18 20:55:28.776,7,8
DB6,commit,2025-02-18 20:55:28.783,7,7
DB1,connect,2025-02-18 20:55:28.793,86,0
DB1,select,2025-02-18 20:55:28.800,7,86
DB1,insert,2025-02-18 20:55:28.807,7,7
DB1,update,2025-02-18 20:55:28.814,7,7
DB1,delete,2025-02-18 20:55:28.821,7,7
DB1,commit,2025-02-18 20:55:28.828,7,7
DB4,connect,2025-02-18 20:55:29.416,101,0
DB4,select,2025-02-18 20:55:29.424,8,101
DB4,insert,2025-02-18 20:55:29.432,8,8
DB4,update,2025-02-18 20:55:29.438,6,8
DB4,delete,2025-02-18 20:55:29.446,8,6
DB4,commit,2025-02-18 20:55:29.453,7,8
DB1,connect,2025-02-18 20:55:29.926,90,0
DB1,select,2025-02-18 20:55:29.933,7,90
DB1,insert,2025-02-18 20:55:29.940,7,7
DB1,update,2025-02-18 20:55:29.946,6,7
DB1,delete,2025-02-18 20:55:29.954,8,6
DB1,commit,2025-02-18 20:55:29.961,7,8
DB4,connect,2025-02-18 20:55:30.550,90,0
DB4,select,2025-02-18 20:55:30.556,6,90
DB4,insert,2025-02-18 20:55:30.563,7,6
DB4,update,2025-02-18 20:55:30.571,8,7
DB4,delete,2025-02-18 20:55:30.578,7,8
DB4,commit,2025-02-18 20:55:30.585,7,7
DB3,connect,2025-02-18 20:55:30.780,94,0
DB3,select,2025-02-18 20:55:30.788,8,94
DB3,insert,2025-02-18 20:55:30.795,7,8
DB3,update,2025-02-18 20:55:30.802,7,7
DB3,delete,2025-02-18 20:55:30.809,7,7
DB3,commit,2025-02-18 20:55:30.816,7,7
DB1,connect,2025-02-18 20:55:31.059,91,0
DB1,select,2025-02-18 20:55:31.067,8,91
DB1,insert,2025-02-18 20:55:31.074,7,8
DB1,update,2025-02-18 20:55:31.082,8,7
DB1,delete,2025-02-18 20:55:31.088,6,8
DB1,commit,2025-02-18 20:55:31.096,8,6
DB4,connect,2025-02-18 20:55:31.686,94,0
DB4,select,2025-02-18 20:55:31.693,7,94
DB4,insert,2025-02-18 20:55:31.700,7,7
DB4,update,2025-02-18 20:55:31.706,6,7
DB4,delete,2025-02-18 20:55:31.714,8,6
DB4,commit,2025-02-18 20:55:31.720,6,8
DB1,connect,2025-02-18 20:55:32.195,92,0
DB1,select,2025-02-18 20:55:32.201,6,92
DB1,insert,2025-02-18 20:55:32.209,7,7
DB1,update,2025-02-18 20:55:32.215,6,7
DB1,delete,2025-02-18 20:55:32.223,8,6
DB1,commit,2025-02-18 20:55:32.229,6,8
DB4,connect,2025-02-18 20:55:32.816,88,0
DB4,select,2025-02-18 20:55:32.823,7,88
DB4,insert,2025-02-18 20:55:32.830,7,7
DB4,update,2025-02-18 20:55:32.837,7,7
DB4,delete,2025-02-18 20:55:32.843,6,7
DB4,commit,2025-02-18 20:55:32.851,8,6
DB3,connect,2025-02-18 20:55:32.916,91,0
DB3,select,2025-02-18 20:55:32.922,6,91
DB3,insert,2025-02-18 20:55:32.929,7,6
DB3,update,2025-02-18 20:55:32.936,7,7
DB3,delete,2025-02-18 20:55:32.944,8,7
DB3,commit,2025-02-18 20:55:32.950,6,8
DB1,connect,2025-02-18 20:55:33.328,91,0
DB1,select,2025-02-18 20:55:33.334,6,91
DB1,insert,2025-02-18 20:55:33.342,8,6
DB1,update,2025-02-18 20:55:33.349,7,8
DB1,delete,2025-02-18 20:55:33.355,6,7
DB1,commit,2025-02-18 20:55:33.363,8,6
DB4,connect,2025-02-18 20:55:33.946,87,0
DB4,select,2025-02-18 20:55:33.953,7,87
DB4,insert,2025-02-18 20:55:33.960,7,7
DB4,update,2025-02-18 20:55:33.967,7,7
DB4,delete,2025-02-18 20:55:33.974,7,7
DB4,commit,2025-02-18 20:55:33.981,7,7
DB1,connect,2025-02-18 20:55:34.462,91,0
DB1,select,2025-02-18 20:55:34.469,7,91
DB1,insert,2025-02-18 20:55:34.476,7,7
DB1,update,2025-02-18 20:55:34.484,8,7
DB1,delete,2025-02-18 20:55:34.491,7,8
DB1,commit,2025-02-18 20:55:34.498,7,7
DB3,connect,2025-02-18 20:55:35.049,91,0
DB3,select,2025-02-18 20:55:35.056,7,91
DB3,insert,2025-02-18 20:55:35.064,8,7
DB3,update,2025-02-18 20:55:35.070,6,8
DB3,delete,2025-02-18 20:55:35.077,7,6
DB4,connect,2025-02-18 20:55:35.080,91,0
DB3,commit,2025-02-18 20:55:35.084,7,7
DB4,select,2025-02-18 20:55:35.088,6,93
DB4,insert,2025-02-18 20:55:35.095,7,6
DB4,update,2025-02-18 20:55:35.102,7,7
DB4,delete,2025-02-18 20:55:35.109,7,7
DB4,commit,2025-02-18 20:55:35.116,7,7
DB1,connect,2025-02-18 20:55:35.595,89,0
DB1,select,2025-02-18 20:55:35.602,7,89
DB1,insert,2025-02-18 20:55:35.610,8,7
DB1,update,2025-02-18 20:55:35.617,7,8
DB1,delete,2025-02-18 20:55:35.625,8,7
DB1,commit,2025-02-18 20:55:35.632,7,8
DB4,connect,2025-02-18 20:55:36.217,93,0
DB4,select,2025-02-18 20:55:36.224,6,94
DB4,insert,2025-02-18 20:55:36.231,7,6
DB4,update,2025-02-18 20:55:36.239,8,7
DB4,delete,2025-02-18 20:55:36.246,7,8
DB4,commit,2025-02-18 20:55:36.253,7,7
DB1,connect,2025-02-18 20:55:36.730,89,0
DB1,select,2025-02-18 20:55:36.737,7,89
DB1,insert,2025-02-18 20:55:36.744,7,7
DB1,update,2025-02-18 20:55:36.751,7,7
DB1,delete,2025-02-18 20:55:36.757,6,7
DB1,commit,2025-02-18 20:55:36.765,7,7
DB3,connect,2025-02-18 20:55:37.184,92,0
DB3,select,2025-02-18 20:55:37.192,8,92
DB3,insert,2025-02-18 20:55:37.202,10,8
DB3,update,2025-02-18 20:55:37.210,8,10
DB3,delete,2025-02-18 20:55:37.216,6,8
DB3,commit,2025-02-18 20:55:37.223,7,6
DB4,connect,2025-02-18 20:55:37.348,87,0
DB4,select,2025-02-18 20:55:37.355,7,87
DB4,insert,2025-02-18 20:55:37.363,8,7
DB4,update,2025-02-18 20:55:37.370,7,8
DB4,delete,2025-02-18 20:55:37.377,7,7
DB4,commit,2025-02-18 20:55:37.383,6,7
DB1,connect,2025-02-18 20:55:37.869,96,0
DB1,select,2025-02-18 20:55:37.877,8,96
DB1,insert,2025-02-18 20:55:37.885,8,8
DB1,update,2025-02-18 20:55:37.895,10,8
DB1,delete,2025-02-18 20:55:37.903,8,10
DB1,commit,2025-02-18 20:55:37.912,9,8
DB4,connect,2025-02-18 20:55:38.480,89,0
DB4,select,2025-02-18 20:55:38.487,7,89
DB4,insert,2025-02-18 20:55:38.494,7,7
DB4,update,2025-02-18 20:55:38.501,7,7
DB4,delete,2025-02-18 20:55:38.508,7,7
DB4,commit,2025-02-18 20:55:38.515,7,7
DB1,connect,2025-02-18 20:55:39.014,94,0
DB1,select,2025-02-18 20:55:39.021,7,94
DB1,insert,2025-02-18 20:55:39.028,7,7
DB1,update,2025-02-18 20:55:39.035,7,7
DB1,delete,2025-02-18 20:55:39.043,8,7
DB1,commit,2025-02-18 20:55:39.051,8,8
DB3,connect,2025-02-18 20:55:39.319,89,0
DB3,select,2025-02-18 20:55:39.326,7,89
DB3,insert,2025-02-18 20:55:39.333,7,7
DB3,update,2025-02-18 20:55:39.340,7,7
DB3,delete,2025-02-18 20:55:39.348,8,7
DB3,commit,2025-02-18 20:55:39.355,7,8
DB4,connect,2025-02-18 20:55:39.608,85,0
DB4,select,2025-02-18 20:55:39.615,7,85
DB4,insert,2025-02-18 20:55:39.623,8,7
DB4,update,2025-02-18 20:55:39.630,7,8
DB4,delete,2025-02-18 20:55:39.637,7,7
DB4,commit,2025-02-18 20:55:39.644,7,7
DB1,connect,2025-02-18 20:55:40.156,96,0
DB1,select,2025-02-18 20:55:40.164,8,96
DB1,insert,2025-02-18 20:55:40.170,6,8
DB1,update,2025-02-18 20:55:40.179,9,6
DB1,delete,2025-02-18 20:55:40.186,7,9
DB1,commit,2025-02-18 20:55:40.194,7,8
DB4,connect,2025-02-18 20:55:40.757,105,0
DB4,select,2025-02-18 20:55:40.766,8,106
DB4,insert,2025-02-18 20:55:40.773,7,8
DB4,update,2025-02-18 20:55:40.782,8,8
DB4,delete,2025-02-18 20:55:40.789,7,8
DB4,commit,2025-02-18 20:55:40.802,13,7
DB1,connect,2025-02-18 20:55:41.295,93,0
DB1,select,2025-02-18 20:55:41.303,7,94
DB1,insert,2025-02-18 20:55:41.310,7,7
DB1,update,2025-02-18 20:55:41.316,6,7
DB1,delete,2025-02-18 20:55:41.325,9,6
DB1,commit,2025-02-18 20:55:41.331,6,9
DB3,connect,2025-02-18 20:55:41.456,93,0
DB3,select,2025-02-18 20:55:41.463,6,94
DB3,insert,2025-02-18 20:55:41.471,8,6
DB3,update,2025-02-18 20:55:41.477,6,8
DB3,delete,2025-02-18 20:55:41.484,7,6
DB3,commit,2025-02-18 20:55:41.492,8,7
DB4,connect,2025-02-18 20:55:41.904,93,0
DB4,select,2025-02-18 20:55:41.912,8,93
DB4,insert,2025-02-18 20:55:41.919,7,8
DB4,update,2025-02-18 20:55:41.927,8,7
DB4,delete,2025-02-18 20:55:41.934,7,8
DB4,commit,2025-02-18 20:55:41.943,9,7
DB1,connect,2025-02-18 20:55:42.431,92,0
DB1,select,2025-02-18 20:55:42.438,7,92
DB1,insert,2025-02-18 20:55:42.446,8,7
DB1,update,2025-02-18 20:55:42.453,7,8
DB1,delete,2025-02-18 20:55:42.460,7,7
DB1,commit,2025-02-18 20:55:42.468,8,7
DB4,connect,2025-02-18 20:55:43.042,91,0
DB4,select,2025-02-18 20:55:43.049,7,91
DB4,insert,2025-02-18 20:55:43.056,7,7
DB4,update,2025-02-18 20:55:43.063,7,7
DB4,delete,2025-02-18 20:55:43.070,7,7
DB4,commit,2025-02-18 20:55:43.077,7,7
DB1,connect,2025-02-18 20:55:43.569,94,0
DB1,select,2025-02-18 20:55:43.576,7,94
DB1,insert,2025-02-18 20:55:43.584,8,7
DB3,connect,2025-02-18 20:55:43.592,93,0
DB1,update,2025-02-18 20:55:43.592,8,8
DB1,delete,2025-02-18 20:55:43.599,7,8
DB3,select,2025-02-18 20:55:43.599,7,93
DB1,commit,2025-02-18 20:55:43.606,7,7
DB3,insert,2025-02-18 20:55:43.606,7,7
DB3,update,2025-02-18 20:55:43.615,9,7
DB3,delete,2025-02-18 20:55:43.622,7,9
DB3,commit,2025-02-18 20:55:43.629,7,7
DB4,connect,2025-02-18 20:55:44.176,91,0
DB4,select,2025-02-18 20:55:44.183,6,92
DB4,insert,2025-02-18 20:55:44.190,6,7
DB4,update,2025-02-18 20:55:44.198,8,6
DB4,delete,2025-02-18 20:55:44.205,7,8
DB4,commit,2025-02-18 20:55:44.212,7,7
DB1,connect,2025-02-18 20:55:44.705,90,0
DB1,select,2025-02-18 20:55:44.712,7,90
DB1,insert,2025-02-18 20:55:44.719,7,7
DB1,update,2025-02-18 20:55:44.726,7,7
DB1,delete,2025-02-18 20:55:44.733,7,7
DB1,commit,2025-02-18 20:55:44.741,8,7
DB4,connect,2025-02-18 20:55:45.316,97,0
DB4,select,2025-02-18 20:55:45.323,7,97
DB4,insert,2025-02-18 20:55:45.331,8,7
DB4,update,2025-02-18 20:55:45.338,7,8
DB4,delete,2025-02-18 20:55:45.345,7,7
DB4,commit,2025-02-18 20:55:45.353,8,7
DB3,connect,2025-02-18 20:55:45.735,97,0
DB3,select,2025-02-18 20:55:45.743,8,97
DB3,insert,2025-02-18 20:55:45.753,10,8
DB3,update,2025-02-18 20:55:45.761,8,10
DB3,delete,2025-02-18 20:55:45.768,7,8
DB3,commit,2025-02-18 20:55:45.775,7,7
DB1,connect,2025-02-18 20:55:45.840,91,0
DB1,select,2025-02-18 20:55:45.848,8,91
DB1,insert,2025-02-18 20:55:45.859,11,8
DB1,update,2025-02-18 20:55:45.866,7,11
DB1,delete,2025-02-18 20:55:45.875,9,7
DB1,commit,2025-02-18 20:55:45.884,8,10
DB4,connect,2025-02-18 20:55:46.447,87,0
DB4,select,2025-02-18 20:55:46.454,7,87
DB4,insert,2025-02-18 20:55:46.461,7,7
DB4,update,2025-02-18 20:55:46.469,8,7
DB4,delete,2025-02-18 20:55:46.477,8,8
DB4,commit,2025-02-18 20:55:46.484,7,8
DB1,connect,2025-02-18 20:55:46.985,91,0
DB1,select,2025-02-18 20:55:46.992,7,91
DB1,insert,2025-02-18 20:55:46.999,7,7
DB1,update,2025-02-18 20:55:47.006,7,7
DB1,delete,2025-02-18 20:55:47.014,7,8
DB1,commit,2025-02-18 20:55:47.025,11,7
DB4,connect,2025-02-18 20:55:47.584,91,0
DB4,select,2025-02-18 20:55:47.590,6,91
DB4,insert,2025-02-18 20:55:47.598,8,6
DB4,update,2025-02-18 20:55:47.605,7,8
DB4,delete,2025-02-18 20:55:47.612,7,7
DB4,commit,2025-02-18 20:55:47.619,7,7
DB3,connect,2025-02-18 20:55:47.872,89,0
DB3,select,2025-02-18 20:55:47.878,6,89
DB3,insert,2025-02-18 20:55:47.886,8,6
DB3,update,2025-02-18 20:55:47.893,7,8
DB3,delete,2025-02-18 20:55:47.900,7,7
DB3,commit,2025-02-18 20:55:47.908,8,7
DB1,connect,2025-02-18 20:55:48.126,94,0
DB1,select,2025-02-18 20:55:48.134,8,94
DB1,insert,2025-02-18 20:55:48.141,7,8
DB1,update,2025-02-18 20:55:48.148,7,7
DB1,delete,2025-02-18 20:55:48.155,7,7
DB1,commit,2025-02-18 20:55:48.162,7,7
DB4,connect,2025-02-18 20:55:48.717,91,0
DB4,select,2025-02-18 20:55:48.725,8,91
DB4,insert,2025-02-18 20:55:48.732,7,8
DB4,update,2025-02-18 20:55:48.739,7,7
DB4,delete,2025-02-18 20:55:48.748,9,7
DB4,commit,2025-02-18 20:55:48.755,7,9
DB1,connect,2025-02-18 20:55:49.259,89,0
DB1,select,2025-02-18 20:55:49.267,8,89
DB1,insert,2025-02-18 20:55:49.274,7,8
DB1,update,2025-02-18 20:55:49.281,7,7
DB1,delete,2025-02-18 20:55:49.288,7,7
DB1,commit,2025-02-18 20:55:49.295,7,7
DB4,connect,2025-02-18 20:55:49.856,93,0
DB4,select,2025-02-18 20:55:49.864,8,93
DB4,insert,2025-02-18 20:55:49.871,7,8
DB4,update,2025-02-18 20:55:49.879,8,7
DB4,delete,2025-02-18 20:55:49.886,7,8
DB4,commit,2025-02-18 20:55:49.894,8,7
DB3,connect,2025-02-18 20:55:50.016,101,0
DB3,select,2025-02-18 20:55:50.025,9,101
DB3,insert,2025-02-18 20:55:50.033,8,9
DB3,update,2025-02-18 20:55:50.042,9,8
DB3,delete,2025-02-18 20:55:50.051,9,9
DB3,commit,2025-02-18 20:55:50.061,10,9
DB1,connect,2025-02-18 20:55:50.401,98,0
DB1,select,2025-02-18 20:55:50.408,7,98
DB1,insert,2025-02-18 20:55:50.415,7,7
DB1,update,2025-02-18 20:55:50.422,7,7
DB1,delete,2025-02-18 20:55:50.429,7,7
DB1,commit,2025-02-18 20:55:50.437,8,7
DB4,connect,2025-02-18 20:55:50.993,90,0
DB4,select,2025-02-18 20:55:51.001,8,90
DB4,insert,2025-02-18 20:55:51.013,12,8
DB4,update,2025-02-18 20:55:51.020,7,12
DB4,delete,2025-02-18 20:55:51.028,8,7
DB4,commit,2025-02-18 20:55:51.035,7,8
DB1,connect,2025-02-18 20:55:51.540,96,0
DB1,select,2025-02-18 20:55:51.548,8,96
DB1,insert,2025-02-18 20:55:51.555,7,8
DB1,update,2025-02-18 20:55:51.562,7,7
DB1,delete,2025-02-18 20:55:51.570,8,7
DB1,commit,2025-02-18 20:55:51.577,7,8
DB4,connect,2025-02-18 20:55:52.139,96,0
DB4,select,2025-02-18 20:55:52.147,8,96
DB4,insert,2025-02-18 20:55:52.156,9,8
DB4,update,2025-02-18 20:55:52.163,7,9
DB3,connect,2025-02-18 20:55:52.163,94,0
DB4,delete,2025-02-18 20:55:52.171,8,7
DB3,select,2025-02-18 20:55:52.171,7,95
DB3,insert,2025-02-18 20:55:52.179,8,7
DB4,commit,2025-02-18 20:55:52.179,8,8
DB3,update,2025-02-18 20:55:52.185,6,8
DB3,delete,2025-02-18 20:55:52.192,7,6
DB3,commit,2025-02-18 20:55:52.200,8,7
DB1,connect,2025-02-18 20:55:52.678,93,0
DB1,select,2025-02-18 20:55:52.686,8,93
DB1,insert,2025-02-18 20:55:52.692,6,8
DB1,update,2025-02-18 20:55:52.700,8,6
DB1,delete,2025-02-18 20:55:52.707,7,8
DB1,commit,2025-02-18 20:55:52.714,7,7
DB4,connect,2025-02-18 20:55:53.277,91,0
DB4,select,2025-02-18 20:55:53.285,8,91
DB4,insert,2025-02-18 20:55:53.292,7,8
DB4,update,2025-02-18 20:55:53.298,6,7
DB4,delete,2025-02-18 20:55:53.306,7,7
DB4,commit,2025-02-18 20:55:53.313,7,7
DB1,connect,2025-02-18 20:55:53.814,92,0
DB1,select,2025-02-18 20:55:53.821,7,92
DB1,insert,2025-02-18 20:55:53.828,7,7
DB1,update,2025-02-18 20:55:53.836,8,7
DB1,delete,2025-02-18 20:55:53.843,7,8
DB1,commit,2025-02-18 20:55:53.851,8,7
DB3,connect,2025-02-18 20:55:54.315,103,0
DB3,select,2025-02-18 20:55:54.324,9,103
DB3,insert,2025-02-18 20:55:54.331,7,9
DB3,update,2025-02-18 20:55:54.340,9,7
DB3,delete,2025-02-18 20:55:54.347,7,9
DB3,commit,2025-02-18 20:55:54.356,8,8
DB4,connect,2025-02-18 20:55:54.418,97,0
DB4,select,2025-02-18 20:55:54.425,7,97
DB4,insert,2025-02-18 20:55:54.433,8,7
DB4,update,2025-02-18 20:55:54.441,8,8
DB4,delete,2025-02-18 20:55:54.447,6,8
DB4,commit,2025-02-18 20:55:54.456,8,7
DB1,connect,2025-02-18 20:55:54.951,93,0
DB1,select,2025-02-18 20:55:54.958,7,93
DB1,insert,2025-02-18 20:55:54.966,8,7
DB1,update,2025-02-18 20:55:54.974,8,8
DB1,delete,2025-02-18 20:55:54.982,8,8
DB1,commit,2025-02-18 20:55:54.990,8,8
DB4,connect,2025-02-18 20:55:55.560,96,0
DB4,select,2025-02-18 20:55:55.567,7,96
DB4,insert,2025-02-18 20:55:55.575,8,7
DB4,update,2025-02-18 20:55:55.582,7,8
DB4,delete,2025-02-18 20:55:55.589,7,7
DB4,commit,2025-02-18 20:55:55.604,15,7
DB1,connect,2025-02-18 20:55:56.095,97,0
DB1,select,2025-02-18 20:55:56.102,6,98
DB1,insert,2025-02-18 20:55:56.109,7,6
DB1,update,2025-02-18 20:55:56.117,8,7
DB1,delete,2025-02-18 20:55:56.124,7,8
DB1,commit,2025-02-18 20:55:56.132,8,7
DB3,connect,2025-02-18 20:55:56.462,99,0
DB3,select,2025-02-18 20:55:56.469,7,99
DB3,insert,2025-02-18 20:55:56.477,8,7
DB3,update,2025-02-18 20:55:56.483,6,8
DB3,delete,2025-02-18 20:55:56.491,8,6
DB3,commit,2025-02-18 20:55:56.498,7,8
DB4,connect,2025-02-18 20:55:56.703,91,0
DB4,select,2025-02-18 20:55:56.711,8,91
DB4,insert,2025-02-18 20:55:56.718,7,8
DB4,update,2025-02-18 20:55:56.726,8,7
DB4,delete,2025-02-18 20:55:56.733,7,8
DB4,commit,2025-02-18 20:55:56.741,8,7
DB1,connect,2025-02-18 20:55:57.230,90,0
DB1,select,2025-02-18 20:55:57.237,7,90
DB1,insert,2025-02-18 20:55:57.244,7,7
DB1,update,2025-02-18 20:55:57.252,8,7
DB1,delete,2025-02-18 20:55:57.259,7,8
DB1,commit,2025-02-18 20:55:57.267,8,7
DB4,connect,2025-02-18 20:55:57.842,93,0
DB4,select,2025-02-18 20:55:57.849,7,93
DB4,insert,2025-02-18 20:55:57.856,7,7
DB4,update,2025-02-18 20:55:57.864,8,7
DB4,delete,2025-02-18 20:55:57.872,8,8
DB4,commit,2025-02-18 20:55:57.878,6,8
DB1,connect,2025-02-18 20:55:58.387,113,0
DB1,select,2025-02-18 20:55:58.395,8,113
DB1,insert,2025-02-18 20:55:58.403,7,9
DB1,update,2025-02-18 20:55:58.412,9,7
DB1,delete,2025-02-18 20:55:58.421,9,9
DB1,commit,2025-02-18 20:55:58.430,9,9
DB3,connect,2025-02-18 20:55:58.600,94,0
DB3,select,2025-02-18 20:55:58.607,7,94
DB3,insert,2025-02-18 20:55:58.615,8,7
DB3,update,2025-02-18 20:55:58.622,7,8
DB3,delete,2025-02-18 20:55:58.633,11,7
DB3,commit,2025-02-18 20:55:58.643,10,11
DB4,connect,2025-02-18 20:55:58.982,96,0
DB4,select,2025-02-18 20:55:58.990,7,97
DB4,insert,2025-02-18 20:55:58.998,8,7
DB4,update,2025-02-18 20:55:59.006,8,8
DB4,delete,2025-02-18 20:55:59.013,7,8
DB4,commit,2025-02-18 20:55:59.020,7,7
DB1,connect,2025-02-18 20:55:59.536,98,0
DB1,select,2025-02-18 20:55:59.543,7,98
DB1,insert,2025-02-18 20:55:59.550,6,8
DB1,update,2025-02-18 20:55:59.559,9,6
DB1,delete,2025-02-18 20:55:59.566,7,9
DB1,commit,2025-02-18 20:55:59.573,7,7
DB4,connect,2025-02-18 20:56:00.127,96,0
DB4,select,2025-02-18 20:56:00.134,7,96
DB4,insert,2025-02-18 20:56:00.142,8,7
DB4,update,2025-02-18 20:56:00.150,8,8
DB4,delete,2025-02-18 20:56:00.158,8,8
DB4,commit,2025-02-18 20:56:00.165,7,8
DB1,connect,2025-02-18 20:56:00.681,99,0
DB1,select,2025-02-18 20:56:00.688,7,99
DB1,insert,2025-02-18 20:56:00.696,8,7
DB1,update,2025-02-18 20:56:00.704,8,8
DB1,delete,2025-02-18 20:56:00.711,7,8
DB1,commit,2025-02-18 20:56:00.719,8,7
DB3,connect,2025-02-18 20:56:00.744,92,0
DB3,select,2025-02-18 20:56:00.752,8,92
DB3,insert,2025-02-18 20:56:00.760,8,8
DB3,update,2025-02-18 20:56:00.769,8,9
DB3,delete,2025-02-18 20:56:00.777,8,8
DB3,commit,2025-02-18 20:56:00.784,7,8
DB4,connect,2025-02-18 20:56:01.270,97,0
DB4,select,2025-02-18 20:56:01.277,7,97
DB4,insert,2025-02-18 20:56:01.285,8,7
DB4,update,2025-02-18 20:56:01.294,9,8
DB4,delete,2025-02-18 20:56:01.302,8,9
DB4,commit,2025-02-18 20:56:01.310,8,8
DB1,connect,2025-02-18 20:56:01.829,102,0
DB1,select,2025-02-18 20:56:01.837,8,102
DB1,insert,2025-02-18 20:56:01.844,7,8
DB1,update,2025-02-18 20:56:01.851,7,7
DB1,delete,2025-02-18 20:56:01.859,8,7
DB1,commit,2025-02-18 20:56:01.867,8,8
DB4,connect,2025-02-18 20:56:02.407,89,0
DB4,select,2025-02-18 20:56:02.415,8,89
DB4,insert,2025-02-18 20:56:02.422,7,8
DB4,update,2025-02-18 20:56:02.430,8,7
DB4,delete,2025-02-18 20:56:02.437,7,8
DB4,commit,2025-02-18 20:56:02.445,8,7
DB3,connect,2025-02-18 20:56:02.893,100,0
DB3,select,2025-02-18 20:56:02.901,8,100
DB3,insert,2025-02-18 20:56:02.908,7,8
DB3,update,2025-02-18 20:56:02.916,8,7
DB3,delete,2025-02-18 20:56:02.922,6,8
DB3,commit,2025-02-18 20:56:02.931,9,6
DB1,connect,2025-02-18 20:56:02.965,91,0
DB1,select,2025-02-18 20:56:02.972,7,91
DB4,connect,2025-02-18 20:56:03.545,93,0
DB1,insert,2025-02-18 20:56:03.652,7,680
DB4,select,2025-02-18 20:56:03.656,11,193
DB1,update,2025-02-18 20:56:03.659,7,7
DB4,insert,2025-02-18 20:56:03.663,7,11
DB1,delete,2025-02-18 20:56:03.666,7,7
DB4,update,2025-02-18 20:56:03.670,7,7
DB1,commit,2025-02-18 20:56:03.674,8,7
DB4,delete,2025-02-18 20:56:03.679,9,7
DB4,commit,2025-02-18 20:56:03.686,7,9
DB1,connect,2025-02-18 20:56:04.775,93,0
DB1,select,2025-02-18 20:56:04.782,7,93
DB4,connect,2025-02-18 20:56:04.786,91,0
DB1,insert,2025-02-18 20:56:04.790,8,7
DB4,select,2025-02-18 20:56:04.794,8,91
DB1,update,2025-02-18 20:56:04.798,8,8
DB4,insert,2025-02-18 20:56:04.801,7,8
DB1,delete,2025-02-18 20:56:04.805,7,8
DB4,update,2025-02-18 20:56:04.808,7,7
DB1,commit,2025-02-18 20:56:04.812,7,7
DB4,delete,2025-02-18 20:56:04.815,7,7
DB4,commit,2025-02-18 20:56:04.823,8,7
DB3,connect,2025-02-18 20:56:05.030,92,0
DB3,select,2025-02-18 20:56:05.037,7,92
DB3,insert,2025-02-18 20:56:05.045,8,7
DB3,update,2025-02-18 20:56:05.052,7,8
DB3,delete,2025-02-18 20:56:05.060,8,7
DB3,commit,2025-02-18 20:56:05.067,7,8
